word,kelas,panjang,definisi,clue
SELAMAT,benda,7,"pemberian salam mudah-mudahan dalam keadaan baik (sejahtera, sehat dan afiat, dan sebagain",Ucapan salam kebaikan
PERCAYA,aksi,7,menganggap atau yakin bahwa sesuatu itu benar-benar ada,Yakin akan kebenaran
TINGGAL,aksi,7,diam (di),Menetap di tempat
MANUSIA,benda,7,makhluk yang berakal budi (mampu menguasai makhluk lain); insan; orang,Makhluk berakal budi
SELESAI,aksi,7,habis; tamat; berakhir,Sudah berakhir tuntas
SEKOLAH,aksi,7,belajar di sekolah; pergi ke sekolah; bersekolah,Tempat menuntut ilmu
SENJATA,benda,7,"tanda bunyi pada tulisan Arab (seperti fatah, kasrah, damah, dan sebagainya)",Alat untuk bertempur
RENCANA,benda,7,cerita,Rancangan kegiatan mendatang
TELEPON,benda,7,percakapan yang disampaikan dengan pesawat telepon,Alat komunikasi suara
AMERIKA,benda,7,"benua terbesar kedua setelah Asia, terletak di wilayah daratan di antara Samudra Pasifik d",Negeri adidaya Paman Sam
PERMISI,benda,7,minta izin,Meminta izin lewat
KECUALI,benda,7,sesuatu yang diistimewakan dari golongan aturan dan sebagainya yang tidak menurut hukum (m,Selain yang disebut
RAHASIA,benda,7,sesuatu yang tersembunyi,Sesuatu yang disembunyikan
PESAWAT,benda,7,kapal terbang,Kendaraan udara bersayap
PENJARA,benda,7,bangunan tempat mengurung orang hukuman; bui; lembaga pemasyarakatan,Tempat mengurung narapidana
TERBANG,benda,7,rebana,Melayang di udara
KEMARIN,benda,7,hari sebelum hari ini,Sehari sebelum ini
SAUDARA,benda,7,tembuni,Kakak atau adik
PRIBADI,benda,7,manusia sebagai perseorangan (diri manusia atau diri sendiri),Menyangkut diri sendiri
INGGRIS,benda,7,bahasa yang dituturkan suku bangsa Inggris,Bahasa internasional dunia barat
ANGGOTA,benda,7,bagian dari sesuatu yang berangkai,Bagian dari kelompok
BINTANG,benda,7,nasib; peruntungan; untung malang,Benda bercahaya di langit
PANGGIL,aksi,7,memanggil,Menyeru seseorang datang
TENTARA,benda,7,laskar; prajurit,Prajurit angkatan perang
MAKHLUK,benda,7,"sesuatu yang dijadikan atau diciptakan oleh Tuhan (seperti manusia, binatang, dan tumbuh-t",Segala ciptaan Tuhan
PERIKSA,aksi,7,lihat dengan teliti,Melihat dengan teliti
OPERASI,benda,7,bedah; bedel (untuk mengobati penyakit),Tindakan bedah dokter
SITUASI,benda,7,keadaan,Keadaan suatu saat
SEJARAH,benda,7,asal-usul (keturunan) silsilah,Peristiwa masa lampau
MONSTER,benda,7,makhluk yang berukuran luar biasa (sangat besar),Makhluk raksasa menakutkan
TANGKAP,aksi,7,menangkap,Meraih dan memegang
SELATAN,benda,7,mata angin yang arahnya berlawanan dengan utara; mata angin yang arahnya sebelah kanan jik,Arah lawan utara
KEPARAT,benda,7,kafir; tidak bertuhan,Umpatan penuh kemarahan
LANGKAH,benda,7,tahap; bagian,Ayunan kaki berjalan
TINGKAT,benda,7,"batas waktu (masa); sempadan suatu peristiwa (proses, kejadian, dan sebagainya); babak(an)",Jenjang atau lapisan
MILITER,benda,7,ketentaraan,Berkaitan angkatan bersenjata
JANTUNG,benda,7,"sesuatu yang bentuk, atau fungsinya seperti jantung",Organ pemompa darah
DINDING,benda,7,"penutup sisi samping (penyekat) ruang, rumah, bilik, dan sebagainya (dibuat) dari papan, a",Penyekat sisi ruangan
MINGGIR,aksi,7,meminggir,Bergerak ke tepi
JENDELA,benda,7,lubang angin,Bukaan udara di dinding
DARURAT,benda,7,keadaan terpaksa,Keadaan gawat mendesak
LISTRIK,benda,7,"daya atau kekuatan yang ditimbulkan oleh adanya pergesekan atau melalui proses kimia, dapa",Sumber tenaga lampu
KONDISI,benda,7,keadaan,Keadaan suatu hal
HALAMAN,benda,7,"muka dari lembaran buku (majalah, surat kabar, dan sebagainya); pagina",Muka lembar buku
TANGGAL,benda,7,perhitungan hari bulan; tarikh,Penanda hari kalender
STASIUN,benda,7,tempat atau bangunan yang dilengkapi peralatan secara khusus untuk melaksanakan fungsi ter,Tempat pemberhentian kereta
WILAYAH,benda,7,"daerah (kekuasaan, pemerintahan, pengawasan, dan sebagainya); lingkungan daerah (provinsi,",Daerah kekuasaan tertentu
LELUCON,benda,7,tindak (perkataan) yang lucu; percakapan yang jenaka; hasil melucu; penggeli hati,Cerita jenaka menghibur
NARKOBA,benda,7,"narkotika, psikotropika, dan obat terlarang",Zat terlarang bikin kecanduan
PROGRAM,benda,7,urutan perintah yang diberikan pada komputer untuk membuat fungsi atau tugas tertentu,Rangkaian instruksi komputer
SENGAJA,aksi,7,dibuat-buat; bersengaja,Dilakukan dengan niat
MENTERI,benda,7,gajah (dalam permainan catur),Pembantu utama presiden
ANGKASA,benda,7,akasa; awang-awang; langit,Ruang di atas langit
GERBANG,benda,7,pintu masuk,Pintu masuk besar
KENDALI,benda,7,kekang,Alat pengatur laju
KOLONEL,benda,7,"pangkat perwira menengah TNI peringkat pertama dalam ketentaraan, satu tingkat di bawah br",Pangkat perwira menengah
PENDETA,benda,7,orang pandai,Pemuka agama Nasrani
BERUANG,benda,7,"mamalia karnivor berukuran cukup besar, berambut hitam, cokelat, dan putih, memiliki telin",Mamalia besar berbulu tebal
RAKSASA,benda,7,"makhluk yang menyerupai manusia, konon berbadan tinggi besar; gergasi; buta",Makhluk bertubuh sangat besar
EPISODE,benda,7,(bagian) riwayat atau peristiwa (yang seakan-akan berdiri sendiri); seri cerita,Bagian seri cerita
TERORIS,benda,7,"orang yang menggunakan kekerasan untuk menimbulkan rasa takut, biasanya untuk tujuan polit",Penebar rasa takut
SAMPING,benda,7,rusuk,Sisi tubuh
BANDARA,benda,7,bandar udara,Pelabuhan pesawat terbang
BANGSAT,benda,7,kutu busuk,Kata makian kasar
TONGKAT,benda,7,"sepotong bambu (rotan, kayu, dan sebagainya) yang agak panjang (untuk menopang atau pegang",Penopang jalan tua
PINGSAN,aksi,7,kehilangan kesadaran,Jatuh tak sadarkan diri
KONTRAK,benda,7,"perjanjian (secara tertulis) antara dua pihak dalam perdagangan, sewa-menyewa, dan sebagai",Perjanjian di atas kertas
MAHKOTA,benda,7,gelar orang besar,Hiasan kepala raja
SERIKAT,benda,7,persekutuan (dagang); perseroan,Gabungan negara bersatu
KONTROL,benda,7,pengawasan; pemeriksaan; pengendalian,Pengendali suatu sistem
POLITIK,benda,7,cara bertindak (dalam menghadapi atau menangani suatu masalah); kebijakan,Strategi kekuasaan negara
ILMUWAN,benda,7,orang yang ahli atau banyak pengetahuannya mengenai ilmu; orang yang berkecimpung dalam il,Peneliti ahli sains
LEGENDA,benda,7,tokoh terkenal,Kisah rakyat zaman dulu
MANAJER,benda,7,orang yang mengatur pekerjaan atau kerja sama di antara berbagai kelompok atau sejumlah or,Pengatur tim kerja
DOKUMEN,benda,7,barang cetakan atau naskah karangan yang dikirim melalui pos,Berkas resmi penting
SENAPAN,benda,7,senjata api berlaras panjang; bedil,Senjata laras panjang
BENCANA,benda,7,gangguan; godaan,Musibah besar melanda
SENATOR,benda,7,anggota senat; wakil rakyat,Wakil rakyat parlemen
SANGGUP,aksi,7,mampu; dapat,Bisa dan mau
SPANYOL,benda,7,bahasa yang dituturkan oleh penduduk negara Spanyol atau negara yang pernah dijajah oleh S,Negeri matador dan banteng
DERAJAT,benda,7,satuan ukuran suhu,Satuan ukur panas
BANGKIT,aksi,7,bangun (hidup) kembali,Berdiri setelah terjatuh
PENSIUN,aksi,7,tidak bekerja lagi karena masa tugasnya sudah selesai,Berhenti bekerja resmi
SUASANA,benda,7,hawa; udara,Nuansa suatu tempat
ALKOHOL,benda,7,etanol,Cairan pemabuk keras
SERAGAM,benda,7,"sama ragam (corak, bentuk, susunan)",Pakaian sama sekolah
SAHABAT,benda,7,kawan; teman; handai,Teman paling dekat
MEKSIKO,benda,7,ibu kota negara Meksiko,Negara asal taco sombrero
KELINCI,benda,7,"mamalia pengerat, berekor pendek dengan kaki belakang lebih panjang daripada kaki depan, d",Hewan lompat bertelinga panjang
TELINGA,benda,7,organ tubuh untuk mendengar,Organ pendengar kepala
SATELIT,benda,7,pengikut,Benda mengorbit bumi
MISTERI,benda,7,sesuatu yang masih belum jelas (masih menjadi teka-teki; masih belum terbuka rahasianya),Teka-teki belum terpecahkan
BERLIAN,benda,7,intan yang diasah baik-baik hingga indah kemilau cahayanya,Batu kilau termahal
TAMBANG,benda,7,tali yang besar,Tali tebal penarik
ASISTEN,benda,7,"orang yang bertugas membantu orang lain dalam melaksanakan tugas profesional, misalnya dal",Pembantu tugas profesional
TANGGUH,aksi,7,tunda2,Kuat tak mudah roboh
KENCING,aksi,7,buang air kecil; berkemih,Keluarkan air seni
KANTONG,benda,7,pundi-pundi,Wadah kecil di baju
BENTENG,benda,7,dinding (tembok) untuk menahan serangan,Dinding pertahanan kokoh
SANDERA,benda,7,orang yang ditawan untuk dijadikan jaminan (tanggungan),Tawanan jadi jaminan
KENTANG,benda,7,"ubi yang bentuknya bulat-bulat, termasuk tumbuhan sayuran yang banyak mengandung pati",Umbi digoreng renyah
FAVORIT,benda,7,kesayangan; kegemaran,Yang paling disukai
PERDANA,benda,7,bendahara,Yang pertama kalinya
NEGATIF,benda,7,kabel yang aliran listriknya berpotensi lebih rendah,Kebalikan sisi positif
HADIRIN,benda,7,semua orang yang hadir,Sapaan untuk penonton
KANDANG,benda,7,garasi,Rumah ternak hewan
MAJALAH,benda,7,terbitan berkala yang isinya meliputi berbagai liputan jurnalistik dan pandangan tentang t,Terbitan berkala bergambar
TRADISI,benda,7,adat kebiasaan turun-temurun (dari nenek moyang) yang masih dijalankan dalam masyarakat,Kebiasaan turun-temurun leluhur
TUNGGAL,benda,7,sebelah,Hanya satu-satunya
INSIDEN,benda,7,peristiwa (khususnya yang kurang penting dalam hubungannya dengan peristiwa lain yang lebi,Kejadian tak terduga
UPACARA,benda,7,tanda-tanda kebesaran (seperti payung kerajaan),Ritual resmi bendera
PRANCIS,benda,7,"bahasa yang dituturkan di Prancis, Belgia, Kanada, Rwanda, Senegal, Swiss, Togo, dan Afrik",Negeri menara Eiffel
KALIMAT,benda,7,perkataan,Rangkaian kata bermakna
POSITIF,benda,7,potret yang sudah jadi (bukan klise atau film),Kebalikan dari negatif
ARTIKEL,benda,7,bagian undang-undang atau peraturan yang berupa ketentuan; pasal,Tulisan di media
COKELAT,benda,7,bubuk dari biji cokelat,Manisan dari biji kakao
KRISTEN,benda,7,agama yang disampaikan oleh Kristus (Nabi Isa),Pengikut ajaran Yesus
KAMBING,benda,7,"mamalia berkuku genap, pemakan rumput, memiliki tanduk berongga, janggut, dan kelenjar bau",Ternak berjanggut mengembik
NARATOR,benda,7,orang yang bercerita; pencerita,Pengisi suara cerita
RANJANG,benda,7,"tempat tidur, biasanya terbuat dari besi",Tempat tidur berkasur
SPESIES,benda,7,satuan dasar klasifikasi biologi; jenis,Klasifikasi jenis makhluk hidup
STANDAR,benda,7,ukuran atau tingkat biaya hidup,Ukuran baku ditetapkan
GALAKSI,benda,7,tata surya dan kabut-kabut (biasanya terdiri atas beratus-ratus biliun bintang dan banyak,Kumpulan bintang luas
PERAWAN,benda,7,anak perempuan yang sudah patut kawin; anak dara; gadis,Gadis belum menikah
PEGAWAI,benda,7,alat perkakas,Pekerja kantor pemerintah
OKSIGEN,benda,7,"gas yang tidak berwarna, tidak berasa, dan tidak berbau, merupakan komponen dari kerak bum",Gas penting bernapas
PATROLI,benda,7,"perondaan (oleh polisi, tentara, dan sebagainya)",Ronda keliling menjaga
MARINIR,benda,7,tentara (pasukan) yang menjadi bagian dari angkatan laut,Pasukan tempur angkatan laut
BENDERA,benda,7,"sepotong kain atau kertas segi empat atau segitiga (diikatkan pada ujung tongkat, tiang, d",Kain lambang negara berkibar
HARIMAU,benda,7,"mamalia karnivor berambut oranye kemerahan atau putih, dengan ciri loreng berwarna hitam a",Kucing besar bergaris loreng
KONEKSI,benda,7,kenalan,Hubungan atau jaringan orang
PANDANG,aksi,7,lihat,Arahkan mata melihat
SILUMAN,benda,7,makhluk halus yang sering menampakkan diri sebagai manusia atau binatang,Makhluk halus jelmaan hewan
FRANCIS,benda,7,waralaba,Hak jual merek dagang
DONGENG,benda,7,perkataan (berita dan sebagainya) yang bukan-bukan atau tidak benar,Cerita rakyat sebelum tidur
PLASTIK,benda,7,"yang dapat diacu dalam bentuk, misalnya tanah liat",Bahan sintetis mudah dibentuk
SENIMAN,benda,7,orang yang mempunyai bakat seni dan berhasil menciptakan dan menggelarkan karya seni (pelu,Pencipta karya seni
BELANJA,benda,7,upah; gaji,Kegiatan beli kebutuhan toko
SYUTING,benda,7,"kegiatan merekam adegan, kejadian, dan sebagainya ke dalam film atau video dengan mengguna",Proses rekam adegan film
ISTILAH,benda,7,sebutan; nama,Sebutan khusus suatu bidang
PERWIRA,benda,7,pahlawan,Pemimpin berpangkat di tentara
AMUNISI,benda,7,teknik,Peluru untuk senjata api
BATERAI,benda,7,lampu senter,Penyimpan daya listrik
KOMANDO,benda,7,aba-aba; perintah,Aba-aba perintah pasukan
PERMATA,benda,7,"batu berharga yang berwarna indah (seperti intan, berlian, nilam)",Batu mulia berkilau
KRISTAL,benda,7,hablur,Zat padat bening bersudut
EKONOMI,benda,7,tata kehidupan perekonomian (suatu negara),Tata kelola keuangan negara
TRAGEDI,benda,7,peristiwa yang menyedihkan,Peristiwa menyedihkan memilukan
RADIASI,benda,7,pengobatan dengan zat radioaktif,Pancaran sinar berbahaya
KELEDAI,benda,7,orang bodoh,Hewan beban bertelinga panjang
SELIMUT,benda,7,kain penutup tubuh (terutama dipakai pada waktu tidur),Penutup tubuh saat tidur
KONGRES,benda,7,pertemuan wakil-wakil negara untuk membicarakan satu masalah,Pertemuan besar para wakil
DERMAGA,benda,7,tembok penahan ombak (di pelabuhan),Tempat sandar kapal
KAMPUNG,benda,7,desa; dusun,Desa tempat tinggal
FIRASAT,benda,7,keadaan yang dirasakan (diketahui) akan terjadi sesudah melihat gelagat,Naluri akan suatu kejadian
PERISAI,benda,7,besi (baja) tipis sebagai pelindung (pada meriam dan sebagainya),Tameng penangkis serangan
KOLEKSI,benda,7,kumpulan yang berhubungan dengan studi penelitian,Kumpulan benda tersimpan
BELIKAN,benda,7,ladang di hutan yang dikerjakan untuk kedua kalinya,Ladang hutan digarap ulang
LENCANA,benda,7,tanda yang menunjukkan status sebagai kapten regu yang sedang bermain,Tanda pangkat di dada
BANTENG,benda,7,lembu; sapi,Sapi liar bertanduk
POTENSI,benda,7,kemampuan yang mempunyai kemungkinan untuk dikembangkan; kekuatan; kesanggupan; daya,Daya terpendam bisa berkembang
SAUDARI,benda,7,kata sapaan kepada perempuan yang diajak berbicara (pengganti orang kedua),Sapaan hormat untuk perempuan
KEMBANG,aksi,7,buka lebar; bentang,Bunga yang mekar
INFEKSI,benda,7,pengembangan penyakit (parasit) dalam tumbuhan,Serangan kuman penyakit
GANTENG,aksi,7,mulai mengental (tentang gula),Berwajah tampan rupawan
AKADEMI,benda,7,"lembaga pendidikan tinggi, kurang lebih 3 tahun lamanya, yang mendidik tenaga profesional",Perguruan tinggi vokasi
DEPRESI,benda,7,daerah yang bertekanan rendah,Rasa murung mendalam
PARTNER,benda,7,"pasangan main (dalam olahraga, menari, dan sebagainya)",Rekan pasangan bermain
NASIHAT,benda,7,ibarat yang terkandung dalam suatu cerita dan sebagainya; moral,Petuah bijak anjuran baik
OKTOBER,benda,7,bulan ke-10 tarikh Masehi (31 hari),Bulan kesepuluh tahun Masehi
ALKITAB,benda,7,Al-Qur'an,Kitab suci umat Nasrani
LEMBAGA,benda,7,"bentuk (rupa, wujud) yang asli",Badan organisasi resmi
PROMOSI,benda,7,hal memperoleh gelar doktor,Kenaikan pangkat atau jabatan
DIMENSI,benda,7,"ukuran (panjang, lebar, tinggi, luas, dan sebagainya); matra",Ukuran panjang lebar tinggi
PERKARA,benda,7,karena,Masalah urusan pengadilan
AGUSTUS,benda,7,bulan ke-8 tarikh Masehi (31 hari),Bulan kedelapan tahun Masehi
CANGKIR,benda,7,"jari cakar yang belakang (tentang burung, ayam, dan sebagainya)",Wadah minum bertelinga
TENDANG,aksi,7,sepak; depak; terjang,Sepakan keras kaki
TEKNISI,benda,7,ahli teknik,Ahli perbaikan mesin
BIOSKOP,benda,7,gedung pertunjukan film cerita,Gedung pemutaran film
DISTRIK,benda,7,bagian kota atau negara yang dibagi untuk tujuan tertentu; wilayah,Bagian wilayah pemerintahan
PURNAMA,benda,7,bulan (30 atau 31 hari),Bulan bundar penuh
KONFLIK,benda,7,percekcokan; perselisihan; pertentangan,Pertentangan dua pihak
PRIVASI,benda,7,"kebebasan, keleluasaan pribadi",Ruang kebebasan pribadi
PINGGIR,benda,7,tepi; sisi,Bagian tepi sisi
PRINSIP,benda,7,"asas (kebenaran yang menjadi pokok dasar berpikir, bertindak, dan sebagainya); dasar",Pendirian dasar yang teguh
MENTEGA,benda,7,"lemak kental, lunak, terbuat dari susu (biasa dipakai untuk membuat kue, memasak, atau seb",Lemak lunak dari susu
LONCENG,benda,7,genta,Alat berdentang pemberi tanda
FANTASI,benda,7,hiasan tiruan,Khayalan dalam angan
VIETNAM,benda,7,"negara yang terletak di Asia Tenggara, beribu kota Hanoi",Negeri asal sup pho
GANTUNG,aksi,7,sangkut; kait,Tersangkut menjuntai di atas
GUNTING,benda,7,perkakas untuk memotong kain (rambut dan sebagainya),Alat pemotong dua bilah
PENGUIN,benda,7,"burung laut keluarga Spheniscidae yang tidak dapat terbang, terdapat di daerah Kutub Selat",Burung kutub tak terbang
PERIODE,benda,7,kurun waktu; lingkaran waktu (masa),Rentang jangka waktu
KARUNIA,benda,7,kasih; belas kasih,Anugerah pemberian Tuhan
BAGINDA,benda,7,gelar atau kata sapaan untuk raja (artinya yang berbahagia dan mulia),Sapaan hormat kepada raja
KELAMIN,benda,7,jenis laki-laki atau perempuan; genus,Jenis pria atau wanita
SARJANA,benda,7,orang pandai (ahli ilmu pengetahuan),Lulusan perguruan tinggi
BIOLOGI,benda,7,"ilmu tentang keadaan dan sifat makhluk hidup (manusia, binatang, tumbuh-tumbuhan); ilmu ha",Ilmu tentang makhluk hidup
MANGKUK,benda,7,cangkir; cawan,Wadah cekung tempat kuah
KOMUNIS,benda,7,penganut paham komunisme,Penganut paham sama rata
BELANDA,benda,7,bangsa yang mendiami Belanda,Negeri kincir angin tulip
EVOLUSI,benda,7,"perubahan (pertumbuhan, perkembangan) secara berangsur-angsur dan perlahan-lahan (sedikit",Perubahan bertahap perlahan
JANUARI,benda,7,bulan pertama tarikh Masehi (31 hari),Bulan pertama tahun Masehi
BANDING,benda,7,persamaan; tara; imbangan,Tara atau imbangan sepadan
MERPATI,benda,7,muda-mudi yang sedang dalam masa bercinta-cintaan (pacaran),Burung putih pembawa pesan
KATOLIK,benda,7,"agama (umat) Kristen yang pemimpin tertingginya adalah Paus, yang berkedudukan di Vatikan",Umat Kristen pengikut Paus
ISYARAT,benda,7,"tanda akhir dialog, biasanya berupa sebuah kata tertentu",Tanda melalui gerak tubuh
FORMASI,benda,7,"susunan (pegawai, pengurus, kabinet, pesawat terbang, dan sebagainya)",Susunan barisan teratur
KAWASAN,benda,7,"daerah tertentu yang mempunyai ciri tertentu, seperti tempat tinggal, pertokoan, industri,",Daerah berciri khusus tertentu
BRANKAS,benda,7,"lemari terbuat dari besi (baja, atau logam lain) tempat menyimpan uang atau barang berharg",Lemari besi penyimpan uang
NELAYAN,benda,7,orang yang mata pencaharian utamanya adalah menangkap ikan (di laut),Pencari ikan di laut
KERABAT,benda,7,keluarga; anak saudara,Sanak saudara keluarga
TRAKTIR,aksi,7,mentraktir,Bayar makan teman
KORIDOR,benda,7,tanah yang menghubungkan dua bagian negara,Lorong penghubung dua sisi
SKANDAL,benda,7,perbuatan yang memalukan; perbuatan yang menurunkan martabat seseorang,Aib yang terungkap
KORUPSI,benda,7,"penyelewengan atau penyalahgunaan uang negara (perusahaan, organisasi, yayasan, dan sebaga",Uang negara digarong
KAMPRET,benda,7,"kelelawar kecil pemakan serangga, hidungnya berlipat-lipat",Kelelawar mungil bersayap
BISKUIT,benda,7,penganan kering yang dibuat dari adonan tepung (terigu dan sebagainya) dan telur dengan at,Kudapan kering renyah
MONITOR,benda,7,orang yang memantau,Pengawas suatu kegiatan
SAMURAI,benda,7,aristokrat Jepang dari golongan kesatria (prajurit),Ksatria pedang Jepang
PRAMUKA,benda,7,Praja Muda Karana; organisasi untuk pemuda yang mendidik para anggotanya dalam berbagai ke,Kegiatan pandu sekolah
BUNGKUS,benda,7,bahan yang dipakai untuk membalut,Kertas pembalut nasi
BELAHAN,benda,7,anak dari hasil pernikahan antara suku Duano dengan suku lain,Bagian yang terbagi dua
DISKUSI,benda,7,pertemuan ilmiah untuk bertukar pikiran mengenai suatu masalah,Tukar pikiran bersama
MUTIARA,benda,7,air mata,Permata dari kerang
MEKANIK,benda,7,ahli mesin,Tukang servis motor
YAYASAN,benda,7,badan hukum yang didirikan untuk tujuan sosial (mengusahakan layanan dan bantuan seperti s,Badan hukum sosial
PEPATAH,benda,7,peribahasa yang mengandung nasihat atau ajaran dari orang tua-tua (biasanya dipakai atau d,Ucapan bijak leluhur
BANGKOK,benda,7,"ikan yang hidup di ekosistem perairan laut dan payau, panjangnya mencapai 22 cm, badannya",Ayam aduan bertubuh besar
PASIFIK,benda,7,"samudra terbesar di dunia, membentang dari Antarktika di kutub selatan hingga ke daerah An",Samudra terluas di dunia
FORMULA,benda,7,susunan atau bentuk tetap; rumus,Rumus tetap baku
PELANGI,benda,7,ular mengiang,Lengkung tujuh warna
KANTUNG,benda,7,kantong,Wadah kecil dibawa
SENSASI,benda,7,sesuatu yang merusuhkan (menggemparkan); kegemparan; keonaran,Bikin geger heboh
SIMPATI,benda,7,rasa kasih; rasa setuju (kepada); rasa suka,Rasa ikut prihatin
REAKTOR,benda,7,sesuatu (seseorang) yang mengadakan reaksi,Mesin pembangkit energi nuklir
LESBIAN,benda,7,wanita yang mencintai atau merasakan rangsangan seksual sesama jenisnya; wanita homoseks,Wanita pencinta sesama jenis
PARASIT,benda,7,benalu; pasilan,Numpang hidup merugikan
INSTING,benda,7,pola tingkah laku yang bersifat turun-temurun yang dibawa sejak lahir; naluri; garizah,Dorongan alami bawaan
KANDUNG,benda,7,kantong peranakan,Rahim tempat janin
DINASTI,benda,7,"keturunan raja-raja yang memerintah, semuanya berasal dari satu keluarga",Keturunan raja berkuasa
TORPEDO,benda,7,"buah pelir, seperti pada sapi, kerbau, kambing",Senjata kapal selam
MANFAAT,benda,7,guna; faedah,Kegunaan yang didapat
MENANTU,benda,7,istri atau suami dari anak kita,Pasangan hidup anak
ARGUMEN,benda,7,nomina atau frasa nominal yang bersama-sama predikator membentuk proposisi,Alasan dalam perdebatan
LABIRIN,benda,7,sistem rongga atau saluran yang berhubungan,Jalan berliku membingungkan
ALIANSI,benda,7,ikatan antara dua negara atau lebih dengan tujuan politik,Ikatan kerja sama negara
RIWAYAT,benda,7,sejarah; tambo,Kisah masa lalu
SELOKAN,benda,7,bendar (di sawah dan sebagainya); serokan; parit,Saluran air kotor
LISENSI,benda,7,"(surat) izin untuk mengangkut barang dagangan, usaha, dan sebagainya",Izin resmi usaha
GEROBAK,benda,7,pedati,Kereta dorong pedagang
PELATUK,benda,7,bagian ujung kulit kacang tanah dan sebagainya yang berbentuk seperti paruh burung,Bagian pemicu senjata
SINGGAH,aksi,7,berhenti sebentar di suatu tempat ketika dalam perjalanan; mampir,Mampir sebentar perjalanan
PANGKAT,benda,7,eksponen,Tingkat jabatan seseorang
PROTEIN,benda,7,kelompok senyawa organik bernitrogen yang rumit dengan bobot molekul tinggi yang sangat pe,Nutrisi pembentuk otot
PENJURU,benda,7,pojok; sudut,Sudut suatu ruangan
BAKTERI,benda,7,benih penyakit,Kuman penyebab penyakit
MOLEKUL,benda,7,bagian terkecil senyawa yang terbentuk dari kumpulan atom yang terikat secara kimia,Gabungan atom terikat
TINGKAH,benda,7,gendang,Ulah aneh seseorang
BENGKEL,benda,7,pabrik kecil; tempat tukang bekerja,Tempat servis kendaraan
TELAPAK,benda,7,telapakan,Bagian dalam tangan
JUPITER,benda,7,planet ke-5 dari matahari; Musytari,Planet terbesar tata surya
TORNADO,benda,7,"angin berolak (berpusar) berbentuk spiral, disertai turunnya gumpalan awan yang berbentuk",Angin berputar dahsyat
STADION,benda,7,lapangan olahraga yang dikelilingi tempat duduk,Lapangan berbangku penonton
KURCACI,benda,7,pramuka (pandu) putri kecil,Manusia kecil dongeng
TRAILER,benda,7,cuplikan adegan dalam film yang akan dipromosikan,Cuplikan promosi film
ORGASME,benda,7,"puncak kenikmatan seksual, khususnya dialami pada akhir sanggama",Puncak kenikmatan bercinta
SIRKUIT,benda,7,lingkaran,Lintasan balap tertutup
KUMBANG,benda,7,hitam dan mengilat seperti warna sayap kumbang,Serangga bercangkang keras
ARSITEK,benda,7,"perencana (pencipta suatu paham, negara, dan sebagainya)",Perancang bangunan gedung
KORONER,benda,7,pembuluh nadi tajuk jantung,Pembuluh darah jantung
AKUNTAN,benda,7,gelar akademis untuk lulusan perguruan tinggi jurusan akuntansi,Ahli hitung keuangan
OPTIMIS,benda,7,orang yang selalu berpengharapan (berpandangan) baik dalam menghadapi segala hal,Selalu berpikir positif
GERHANA,benda,7,bulan (matahari) gelap sebagian atau seluruhnya dilihat dari bumi; eklips,Bulan tertutup bayangan
LOBSTER,benda,7,"krustasea yang memiliki panjang mencapai 50 cm, kaki berjumlah sepuluh dengan dua di antar",Udang besar bercapit
PARASUT,benda,7,payung yang dipakai untuk terjun dari pesawat terbang; payung udara,Payung penyelamat pilot
MINERAL,benda,7,zat organik yang dalam jumlah tertentu diperlukan oleh tubuh untuk proses metabolisme norm,Zat penting bagi tubuh
ADMIRAL,benda,7,jenjang kepangkatan pada angkatan laut; laksamana,Pangkat tertinggi angkatan laut
LANCANG,benda,7,tempat sirih,Bertindak tanpa izin
VETERAN,benda,7,"bekas prajurit (pasukan perang, pejuang)",Mantan pejuang perang
MAJIKAN,benda,7,orang yang menjadi atasan (yang kuasa memerintah bawahan),Atasan yang menggaji
ISOLASI,benda,7,tindakan pemisahan pasien berpenyakit menular dari orang lainnya,Pisahkan agar tak menular
JENGGOT,benda,7,janggut,Rambut di bawah dagu
BANGKAI,benda,7,barang yang telah tua dan rusak,Mayat hewan membusuk
PESISIR,benda,7,tanah datar berpasir di pantai (di tepi laut),Daratan berpasir tepi laut
KANCING,benda,7,"alat untuk merapatkan daun pintu, jendela, dan sebagainya sehingga tertutup erat dan terku",Pengait kemeja bundar kecil
RADIKAL,benda,7,"gugus atom yang dapat masuk ke dalam berbagai reaksi sebagai satu satuan, yang bereaksi se",Paham ekstrem berlebihan
RESIMEN,benda,7,pasukan tentara yang terdiri atas beberapa batalion yang biasanya dikepalai oleh seorang p,Pasukan gabungan batalion
SANTANA,benda,7,golongan masyarakat menengah yang menduduki jabatan tetapi bukan keturunan bangsawan atau,Golongan menengah bukan bangsawan
GERGAJI,benda,7,besi tipis bergigi tajam (perkakas pemotong atau pembelah kayu dan sebagainya),Alat bergigi pemotong kayu
KLAKSON,benda,7,alat (berupa trompet) yang dibunyikan dengan listrik pada mobil atau kendaraan bermotor la,Bunyi tin mobil
LAMBANG,benda,7,"tanda pengenal yang tetap (menyatakan sifat, keadaan, dan sebagainya)",Simbol yang mewakili
JENAZAH,benda,7,mayat,Tubuh yang telah wafat
BANGSAL,benda,7,barak,Ruang rawat inap pasien
GERBONG,benda,7,wagon kereta api (untuk orang atau barang),Rangkaian kereta api
PATRIOT,benda,7,pencinta (pembela) tanah air,Pembela setia negeri
MAESTRO,benda,7,"orang yang ahli dalam bidang seni, terutama bidang musik, seperti komponis, konduktor; emp",Ahli seni musik ternama
PROFESI,benda,7,"bidang pekerjaan yang dilandasi pendidikan keahlian (keterampilan, kejuruan, dan sebagainy",Bidang pekerjaan tetap
SPONSOR,benda,7,pendukung; pendorong,Pendukung dana acara
KALIBER,benda,7,garis tengah peluru,Ukuran diameter peluru
TERAPIS,benda,7,orang yang memberikan terapi,Ahli pemulihan kesehatan
KOKTAIL,benda,7,umpan tekak,Minuman campuran beragam
TEMBAGA,benda,7,"logam yang berwarna kemerah-merahan sebagai bahan baku seperti kawat, periuk, atau uang",Logam merah bahan kawat
MUNAFIK,benda,7,"orang yang berpura-pura percaya atau setia kepada agama, tetapi sebenarnya dalam hatinya t",Orang bermuka dua
VITAMIN,benda,7,zat yang sangat penting bagi tubuh manusia dan hewan untuk pertumbuhan dan perkembangan,Zat gizi penunjang kesehatan
SENYAWA,benda,7,zat murni dan homogen yang terdiri atas dua unsur atau lebih yang berbeda dengan perbandin,Gabungan dua unsur kimia
ARTEFAK,benda,7,"benda (barang-barang) hasil kecerdasan manusia, seperti perkakas, senjata",Benda buatan manusia purba
PINGGUL,benda,7,pangkal paha di sebelah belakang,Lekuk badan bawah pinggang
KERIPIK,benda,7,"penganan goreng yang dibuat dari kentang, ubi kayu, dan sebagainya yang diiris tipis-tipis",Camilan gorengan tipis renyah
KUANTUM,benda,7,banyaknya (jumlah) sesuatu,Ukuran jumlah tertentu
TELEFON,benda,7,telepon,Alat bicara jarak jauh
TROTOAR,benda,7,"tepi jalan besar yang sedikit lebih tinggi daripada jalan tersebut, tempat orang berjalan",Jalur pejalan kaki pinggir
IMIGRAN,benda,7,orang yang datang dari negara lain dan tinggal menetap di suatu negara,Pendatang dari negara lain
PANCING,benda,7,"alat untuk menangkap ikan, terbuat dari sepotong kawat yang ujungnya melengkung dan berkai",Alat penangkap ikan berkail
BENGKAK,benda,7,tonjolan di atas permukaan kulit yang disebabkan benturan atau penyakit,Tonjolan kulit akibat benturan
FARMASI,benda,7,"cara dan teknologi pembuatan obat serta cara penyimpanan, penyediaan, dan penyalurannya",Ilmu peracikan obat
MARTINI,benda,7,minuman beralkohol,Sejenis koktail beralkohol
ASPIRIN,benda,7,"obat sakit kepala (pilek, demam), berupa puyer atau tablet berwarna putih; asam asetil sal",Obat pereda sakit kepala
JAHANAM,benda,7,laut api tempat penyiksaan di akhirat,Neraka tempat penyiksaan abadi
MONTANA,benda,7,spesies (tumbuhan) yang hidup di daerah pergunungan,Tumbuhan daerah pegunungan
LAMBUNG,benda,7,perut,Organ pencerna makanan
POSTING,benda,7,"tulisan atau gambar yang ditampilkan secara daring, terutama di media sosial atau blog",Unggahan di media sosial
MENTARI,benda,7,matahari,Sumber cahaya siang hari
SELEKSI,benda,7,pemilihan (untuk mendapatkan yang terbaik); penyaringan,Penyaringan memilih yang terbaik
DEPOSIT,benda,7,"batu, tanah, atau bahan padat lain yang dibawa air sungai, air laut atau gletser dari satu",Simpanan uang di bank
TAMPANG,benda,7,garis tengah (bulatan),Raut wajah seseorang
KONSTAN,benda,7,tetap tidak berubah; terus-menerus,Selalu tetap sepanjang waktu
AUSTRIA,benda,7,"negara yang terletak di Eropa Tengah, beribu kota Wina",Negeri kelahiran komponis Mozart
LIPSTIK,benda,7,"pewarna bibir, terbuat dari sejenis lilin, biasanya berbentuk batang, pejal, licin, warnan",Pewarna bibir berbentuk batang
TSUNAMI,benda,7,gelombang laut dahsyat (gelombang pasang) yang terjadi karena gempa bumi atau letusan gunu,Gelombang laut akibat gempa
PELETON,benda,7,satuan pasukan yang terdiri atas 20�40 orang,Satuan pasukan militer kecil
PERJAKA,benda,7,laki-laki yang belum berumah tangga; bujang; jaka,Lelaki muda belum menikah
BAHTERA,benda,7,perahu; kapal,Perahu besar pengarung laut
JANGKAR,aksi,7,menjangkar,Besi penambat kapal laut
LIONTIN,benda,7,"perhiasan (seperti berlian, batu permata) yang digantungkan pada rantai kalung",Perhiasan gantung pada kalung
GEMBALA,benda,7,penjaga keselamatan orang banyak,Penjaga ternak di padang
BIMBANG,benda,7,upacara atau pesta adat,Ragu mengambil keputusan
HIPOTEK,benda,7,kredit yang diberikan atas dasar jaminan berupa benda tidak bergerak,Kredit berjaminan harta tetap
MANUVER,benda,7,latihan perang oleh militer,Gerakan siasat dalam pertempuran
MONUMEN,benda,7,bangunan atau tempat yang mempunyai nilai sejarah yang penting dan karena itu dipelihara d,Bangunan peringatan bersejarah
DINAMIT,benda,7,"alat peledak yang sangat kuat (biasa dipakai dalam tambang untuk menghancurkan batu cadas,",Bahan peledak sangat kuat
TELADAN,benda,7,"sesuatu yang patut ditiru atau baik untuk dicontoh (tentang perbuatan, kelakuan, sifat, da",Contoh baik untuk ditiru
BENGKOK,benda,7,tanah milik desa yang dipinjamkan kepada pamong desa untuk digarap dan dipetik hasilnya se,Tidak lurus atau melengkung
SINDROM,benda,7,himpunan gejala atau tanda yang terjadi serentak (muncul bersama-sama) dan menandai ketida,Kumpulan gejala penyakit bersamaan
KLONING,benda,7,pengklonaan,Penggandaan makhluk identik
RANTING,benda,7,anak cabang dari perkumpulan dan sebagainya,Cabang kecil pada pohon
LENTERA,benda,7,lampu kecil bertutup kaca (seperti pada dekor dan sebagainya),Lampu kecil berpelindung kaca
KELOPAK,benda,7,sesuatu yang tipis yang menjadi penutup atau pembalut,Helai pembungkus kuncup bunga
TRAKTOR,benda,7,"kendaraan yang dijalankan dengan bensin atau motor diesel, dipakai untuk menarik benda yan",Kendaraan penarik alat pertanian
AKHIRAT,benda,7,alam setelah kehidupan di dunia; alam baka,Alam kehidupan setelah kematian
PRIBUMI,benda,7,penghuni asli; yang berasal dari tempat yang bersangkutan; inlander,Penduduk asli suatu daerah
KARAOKE,benda,7,jenis hiburan dengan menyanyikan lagu-lagu populer dengan iringan musik yang telah direkam,Menyanyi mengikuti musik rekaman
GEOLOGI,benda,7,"ilmu tentang komposisi, struktur, dan sejarah bumi",Ilmu tentang lapisan bumi
BONGKAR,aksi,7,"angkat, turunkan (tentang muatan atau barang dari truk, mesin mobil, dan sebagainya)",Menurunkan muatan dari kendaraan
KAMERAD,benda,7,saudara separtai; teman seperjuangan,Kawan seperjuangan dalam partai
ANDROID,benda,7,sistem operasi bergerak sumber terbuka,Robot menyerupai manusia
MINIMUM,benda,7,"yang paling kecil (sedikit, kurang); yang paling rendah (tentang nilai, harga, upah, dan s",Nilai paling rendah
SEMINAR,benda,7,pertemuan atau persidangan untuk membahas suatu masalah di bawah pimpinan ahli (guru besar,Pertemuan ilmiah membahas masalah
JUTAWAN,benda,7,orang yang mempunyai harta berjuta-juta; hartawan,Orang berharta sangat banyak
DIREKSI,benda,7,"(dewan) pengurus atau (dewan) pimpinan perusahaan, bank, yayasan, dan sebagainya",Dewan pimpinan perusahaan
UKRAINA,benda,7,"negara yang terletak di Eropa Timur, beribu kota Kiev",Negara diserang tentara Rusia
KOREKSI,benda,7,pembetulan; pemeriksaan,Pembetulan kesalahan tulisan
SAMBUNG,aksi,7,hubungkan; satukan,Menghubungkan dua bagian
MAMALIA,benda,7,"binatang vertebrata yang memiliki kelenjar susu, rambut, bernapas dengan paru-paru; binata",Hewan menyusui anaknya
KABINET,benda,7,peti kecil mesin tik (mesin jahit dan sebagainya),Lemari penyimpan berkas
STEMPEL,benda,7,cap; tera,Cap pengesah surat
RESEPSI,benda,7,"pertemuan (perjamuan) resmi yang diadakan untuk menerima tamu (pada pesta perkawinan, pela",Perjamuan pesta pernikahan
KANIBAL,benda,7,orang yang suka makan daging manusia; pemakan daging sejenis,Pemakan daging manusia
KUARTAL,benda,7,"suku tahun (waktu seperempat tahun, yaitu tiga bulan); triwulan",Periode tiga bulan
STADIUM,benda,7,tingkatan masa (penyakit),Tahap keparahan penyakit
MUSIKAL,benda,7,"cerita untuk pentas yang sering kali jenaka dan sentimental, menggunakan nyanyian, tari, d",Drama panggung bernyanyi
SAMUDRA,benda,7,lautan,Lautan sangat luas
MARATON,benda,7,perlombaan lari jarak jauh (10 km atau lebih),Lomba lari jauh
KEDELAI,benda,7,biji kedelai,Bahan baku tempe
SANGKAR,benda,7,kurungan,Kurungan burung peliharaan
KATALOG,benda,7,"daftar barang yang dilengkapi dengan nama, harga, mutu, dan cara pemesanannya",Daftar barang dagangan
BINGKAI,benda,7,"bilah (papan, rotan) yang dipasang di sekeliling suatu benda supaya kuat; simpai (roda); l",Pinggiran foto lukisan
MUSIBAH,benda,7,malapetaka; bencana,Bencana yang menimpa
GLETSER,benda,7,lapisan besar es yang bergerak turun perlahan-lahan di lereng gunung atau di dataran,Sungai es pegunungan
INISIAL,benda,7,paraf,Huruf awal nama
KERIKIL,benda,7,"endapan batuan yang komponennya bulat, biasanya bercampur dengan tanah liat dan pasir",Batu kecil jalanan
CERAMAH,benda,7,"pidato oleh seseorang di hadapan banyak pendengar, mengenai suatu hal, pengetahuan, dan se",Pidato di depan umum
HARMONI,benda,7,kelipatan dari frekuensi dasar,Keselarasan yang serasi
GENGGAM,benda,7,kepalan atau cengkeraman tangan pada waktu keadaan memegang,Kepalan tangan memegang
RENTANG,benda,7,batas jangkauan,Jarak antara batas
JONGKOK,aksi,7,rendah (tentang inteligensi); bebal,Sikap tubuh mencangkung
REFLEKS,benda,7,gerakan otomatis dan tidak dirancang terhadap rangsangan dari luar yang diberikan suatu or,Gerak spontan tanpa sadar
LUMBUNG,benda,7,"tempat menyimpan hasil pertanian (umumnya padi), berbentuk rumah panggung dan berdinding a",Tempat menyimpan padi
MAKALAH,benda,7,karya tulis pelajar atau mahasiswa sebagai laporan hasil pelaksanaan tugas sekolah atau pe,Karya tulis ilmiah
PENGGAL,aksi,7,potong; kerat; tebas,Potong menjadi bagian
GELADAK,benda,7,lantai kapal atau lantai perahu; dek,Lantai atas kapal
VARIASI,benda,7,hiasan tambahan,Ragam bentuk berbeda
SPARTAN,benda,7,"orang yang berdisiplin tinggi, tegas, dan berani",Berdisiplin sangat keras
GENDONG,benda,7,penopang reng pada plafon,Membawa di punggung
JANGGUT,benda,7,dagu,Rambut di dagu
MAKELAR,benda,7,orang atau badan hukum yang berjual beli sekuritas atau barang untuk orang lain atas dasar,Perantara jual beli
PEGASUS,benda,7,rasi bintang di sebelah utara yang tampak di lintang antara +90� dan _65� pada meridian Ok,Kuda bersayap mitologi Yunani
FRAGMEN,benda,7,bagian atau pecahan sesuatu,Bagian kecil pecahan
RAMPING,aksi,7,compeng,Langsing dan kurus
KERIPUT,benda,7,kerut,Kerut di kulit
PROSPEK,benda,7,kemungkinan; harapan,Harapan masa depan
NUTRISI,benda,7,makanan bergizi,Zat gizi makanan
ATLETIK,benda,7,"cabang olahraga (terutama yang dilakukan di luar dan memerlukan kekuatan, ketangkasan, dan",Cabang olahraga lari
TUMBANG,aksi,7,"jatuh; runtuh (tentang negara, kekuasaan, dan sebagainya)",Roboh dan runtuh
STEROID,benda,7,senyawa organik dengan struktur daur khas yang satu dengan lainnya berbeda dengan rantai s,Zat penambah massa otot
ATRAKSI,benda,7,pertunjukan; tontonan,Pertunjukan menarik penonton
SEMPROT,benda,7,cercaan; celaan; dampratan,Semburan cairan halus
LAMBERT,benda,7,satuan luminans yang setara dengan 1 lumen cahaya per sentimeter persegi,Satuan terang cahaya
INFERNO,benda,7,neraka,Neraka api membara
DENMARK,benda,7,bahasa yang dituturkan di Denmark,Negeri asal mainan Lego
MAJELIS,benda,7,bangunan tempat bersidang,Dewan tempat bersidang
JERAPAH,benda,7,"mamalia berkuku genap, berkaki panjang, kaki depan lebih panjang dari kaki belakang sehing",Hewan berleher panjang
SIANIDA,benda,7,zat beracun,Racun sangat mematikan
OPOSISI,benda,7,pertentangan antara dua unsur bahasa untuk memperlihatkan perbedaan arti,Pihak penentang pemerintah
PERIHAL,benda,7,keadaan,Tentang suatu urusan
SELULER,benda,7,sistem radio telepon yang memecah suatu wilayah menjadi subwilayah kecil dengan saluran ya,Jaringan telepon genggam
TRANSIT,benda,7,tempat singgah,Singgah sementara perjalanan
GENTING,benda,7,"tutup atap rumah yang terbuat dari tanah liat yang dicetak dan dibakar, bermacam-macam ben",Penutup atap rumah
PANITIA,benda,7,kelompok orang yang ditunjuk atau dipilih untuk mempertimbangkan atau mengurus hal-hal yan,Kelompok pengurus acara
LANTANG,benda,7,rumah panggung bambu yang dibangun khusus untuk menerima tamu atau tempat tinggal kerabat,Nyaring dan jelas
PLESTER,benda,7,perekat untuk menampal (menutup) luka dan sebagainya,Perekat penutup luka
TENGGAT,benda,7,batas waktu,Batas waktu akhir
PEDOMAN,benda,7,pemimpin (yang menerangkan cara menjalankan atau mengurus perkumpulan),Panduan penunjuk arah
MIGRASI,benda,7,perpindahan dari satu tempat ke tempat lain bagi burung dan sebagainya karena pergantian m,Perpindahan tempat tinggal
TERATAI,benda,7,"tumbuhan air yang indah, rimpangnya terbenam dalam lumpur, daunnya besar membundar, bungan",Bunga air kolam
SUVENIR,benda,7,tanda mata; kenang-kenangan; cendera mata,Tanda mata kenangan
MUSTANG,benda,7,"pesawat terbang pemburu bermesin satu tipe P-51, di Indonesia dikenal sebagai pesawat Coco",Pesawat tempur legendaris
MERKURI,benda,7,merkurium,Logam cair mengkilap
ANATOMI,benda,7,uraian yang mendalam tentang sesuatu,Ilmu susunan tubuh
TATANAN,benda,7,aturan; tata tertib; sistem,Sistem aturan berlaku
ANGGREK,benda,7,tumbuhan pasilan yang bunganya indah dan banyak macamnya,Bunga indah beragam jenis
CINCANG,aksi,7,cencang,Potong halus daging
VERTIGO,benda,7,kehilangan keseimbangan disertai rasa pusing,Pusing serasa berputar
NGENGAT,benda,7,"serangga dari ordo Lepidoptera (famili Tineidae), larva memakan pakaian, kertas, dan serat",Serangga perusak pakaian
KONTEKS,benda,7,situasi yang ada hubungannya dengan suatu kejadian,Situasi terkait peristiwa
EKSTASI,benda,7,ekstase,Rasa gembira memuncak
KHOTBAH,benda,7,pidato (terutama yang menguraikan ajaran agama),Ceramah ajaran agama
TANTANG,aksi,7,menantang,Ajak beradu kekuatan
LINGKUP,aksi,7,menutup,Cakupan suatu bidang
PENALTI,benda,7,"hukuman; denda (karena lalai membayar pajak, utang, dan sebagainya)",Hukuman atas pelanggaran
BRIGADE,benda,7,satuan berseragam dengan tugas khusus,Satuan pasukan militer
BANDUNG,benda,7,benda yang dirangkaikan (dua buah); pasang,Kota kembang Jawa Barat
HIBRIDA,benda,7,"kata kompleks yang bagian-bagiannya berasal dari bahasa berbeda, seperti dwifungsi",Hasil kawin silang
JERAWAT,benda,7,"bisul kecil-kecil berisi lemak, terutama pada muka",Bintik mengganggu di wajah
INTUISI,benda,7,daya atau kemampuan mengetahui atau memahami sesuatu tanpa dipikirkan atau dipelajari; bis,Firasat tanpa berpikir
PRESISI,benda,7,ketepatan; ketelitian,Ketepatan sangat tinggi
MALARIA,benda,7,"penyakit infeksi yang banyak dijumpai di daerah tropis, disertai gejala demam dan turun na",Penyakit gigitan nyamuk
PANTANG,aksi,7,berpantang,Hal yang dihindari
BERANDA,benda,7,bilik di perahu,Teras depan rumah
URANIUM,benda,7,"logam berwarna keperak-perakan, bersifat mulur dan dapat ditempa, mudah dibuat berkilat, t",Logam radioaktif nuklir
GERAMAN,benda,7,geraham,Gigi pengunyah belakang
PANCANG,benda,7,"potongan bambu (kayu dan sebagainya) yang pangkalnya runcing, ditancapkan atau dihunjamkan",Tonggak runcing ditancapkan
LANGGAR,aksi,7,melanggar,Terobos aturan berlaku
BISAKAN,benda,7,lecet atau luka karena dimakan kutu air (biasanya di sela-sela jari),Luka di sela jari
DETEKSI,benda,7,"usaha menemukan dan menentukan keberadaan, anggapan, atau kenyataan",Upaya melacak keberadaan
HORIZON,benda,7,cakrawala,Garis batas langit
HAMSTER,benda,7,"mamalia pengerat, memiliki telinga kecil dan berambut, kaki dan ekor pendek, rambut panjan",Hewan pengerat peliharaan
BANTING,aksi,7,lempar keras-keras,Hempas kuat ke bawah
AKTIVIS,benda,7,orang yang menggerakkan (demonstrasi dan sebagainya),Penggerak aksi demonstrasi
LINTANG,benda,7,lebar (suatu bidang),Sejajar garis khatulistiwa
PANUTAN,benda,7,anutan; teladan,Sosok teladan diikuti
NIGERIA,benda,7,"negara yang terletak di Afrika Barat, beribu kota Abuja",Negara terpadat benua Afrika
AUTOPSI,benda,7,"pemeriksaan mayat dengan jalan pembedahan untuk mengetahui penyebab kematian, penyakit, da",Bedah mayat cari sebab
GENDANG,benda,7,gulung (untuk kertas),Alat musik tabuh
DRAKULA,benda,7,tokoh vampir dalam cerita horor di Eropa yang suka mengisap darah manusia yang menjadi man,Makhluk penghisap darah
KLIMAKS,benda,7,kejadian atau adegan yang paling menarik atau penting,Puncak paling menegangkan
KERAMIK,benda,7,"tanah liat yang dibakar, dicampur dengan mineral lain; barang tembikar (porselen)",Barang tembikar mengilap
INJEKSI,benda,7,suntikan,Suntikan lewat jarum
MANGKOK,benda,7,daun mangkok,Wadah sup cekung
ROYALTI,benda,7,uang jasa yang dibayar oleh penerbit kepada pengarang untuk setiap buku yang diterbitkan,Imbalan hak cipta
PIRANHA,benda,7,"ikan air tawar asli Amerika Selatan yang tergolong ikan buas, tubuhnya pipih memanjang dan",Ikan buas bergigi tajam
PROBLEM,benda,7,masalah; persoalan,Persoalan yang rumit
KENDALA,benda,7,halangan; rintangan; gendala,Rintangan yang menghambat
PANGSIT,benda,7,"makanan yang dibuat dari adonan tepung terigu dan daging cincang, digoreng atau direbus",Pelengkap mi berisi daging
TANDING,benda,7,satu lawan satu,Adu satu lawan satu
INSULIN,benda,7,hormon yang dibentuk dalam pankreas yang mengendalikan kadar gula dalam darah,Hormon pengatur gula darah
EPIDEMI,benda,7,penyakit menular yang berjangkit dengan cepat di daerah yang luas dan menimbulkan banyak k,Wabah menyebar cepat
KESELEO,aksi,7,terpelecok; terkilir; salah urat,Terkilir salah urat
BERHALA,benda,7,patung dewa atau sesuatu yang didewakan untuk disembah dan dipuja,Patung yang disembah
DIAGRAM,benda,7,"gambaran (buram, sketsa) untuk memperlihatkan atau menerangkan sesuatu",Bagan penjelas data
TUKSEDO,benda,7,"jas pria, berwarna hitam atau hitam kebiru-biruan",Setelan jas formal
LONGSOR,aksi,7,gugur dan meluncur ke bawah (tentang tanah),Runtuhnya tanah lereng
MENDUNG,benda,7,awan yang mengandung hujan,Awan gelap sebelum hujan
BLOKADE,benda,7,"pengepungan (penutupan) suatu daerah (negara) sehingga orang, barang, kapal, dan sebagainy",Penutupan akses wilayah
KARAVAN,benda,7,"rombongan orang (haji, peziarah, pedagang) yang melakukan perjalanan bersama demi keselama",Rombongan perjalanan bersama
KAMBOJA,benda,7,"negara yang terletak di Asia Tenggara, beribu kota Phnom Penh",Bunga harum di makam
KOALISI,benda,7,kerja sama antara beberapa partai untuk memperoleh kelebihan suara dalam parlemen,Gabungan partai politik
PAPRIKA,benda,7,"tanaman perdu tahunan, berdaun lonjong dengan tangkai agak panjang, buahnya berbentuk bula",Sayur mirip cabai besar
REPLIKA,benda,7,duplikat; tiruan,Salinan mirip asli
SETAPAK,benda,7,beranda di rusuk rumah,Jalan kecil sempit
INOVASI,benda,7,pemasukan atau pengenalan hal-hal yang baru; pembaruan,Penemuan hal baru
TALENTA,benda,7,pembawaan seseorang sejak lahir; bakat,Bakat bawaan sejak lahir
SENTRAL,benda,7,pusat; sentra,Titik pusat utama
KUADRAT,benda,7,kelipatan atau pengalian sebesar jumlah yang dilipatkan atau dikalikan (misalnya 8 x 8 = 8,Pangkat dua bilangan
KERUCUT,benda,7,benda (ruang) yang beralas bundar dan merunjung sampai ke satu titik,Bangun ruang meruncing
PERIANG,benda,7,waktu yang baik untuk melakukan sesuatu,Selalu gembira ceria
LASAGNA,benda,7,lasanya,Pasta panggang khas Italia
HANGGAR,benda,7,"bangunan tertutup tempat menaruh (menyimpan, memperbaiki, dan sebagainya) pesawat terbang",Bangunan penyimpan pesawat terbang
PRIMATA,benda,7,"mamalia yang memiliki otak relatif besar dan penglihatan stereoskopis, meliputi kera, mony",Kelompok kera dan monyet
LINGGIS,benda,7,"sepotong besi yang tajam ujungnya (untuk menggali tanah yang keras, membelah batu, dan seb",Batang besi pencungkil
TUMPANG,aksi,7,menumpang,Ikut naik kendaraan
GEMBONG,benda,7,jagoan; pendekar,Bos besar komplotan
SILIKON,benda,7,"unsur bukan logam dari golongan karbon, terdapat dalam beberapa bentuk (seperti amorf, mir",Unsur pembuat cip
PROSESI,benda,7,pawai khidmat (perarakan) dalam upacara kegerejaan (perkawinan dan sebagainya),Arak-arakan upacara khidmat
RESERVE,benda,7,syarat,Cadangan yang disimpan
KERUPUK,benda,7,"makanan yang dibuat dari adonan tepung dicampur dengan lumatan udang atau ikan, setelah di",Camilan renyah dari tepung
TERUMBU,benda,7,"dangkalan di laut (yang tidak terlalu luas), terjadi dari gundukan batuan, seperti gamping",Gundukan batuan di laut
ENTITAS,benda,7,satuan yang berwujud; maujud,Satuan wujud yang ada
STAMINA,benda,7,ketabahan dan ketahanan mental; keuletan,Daya tahan tubuh
KARAMEL,benda,7,cokelat yang diperoleh dari pemanasan gula tebu atau zat karbohidrat lain; gula bakar,Gula bakar kecokelatan
HABITAT,benda,7,tempat tinggal khas bagi seseorang atau kelompok masyarakat,Tempat tinggal khas makhluk
EKSTRAK,benda,7,salinan; petikan,Sari pati pekat
PELOPOR,benda,7,perintis jalan; pembuka jalan; pionir,Perintis pembuka jalan
KURATOR,benda,7,anggota pengawas dari perguruan tinggi; penyantun,Pengawas koleksi museum
TABLOID,benda,7,"tulisan dalam bentuk ringkas dan padat (tentang kritik, paparan, dan sebagainya)",Koran hiburan ringkas
PESIMIS,benda,7,"orang yang bersikap atau berpandangan tidak mempunyai harapan baik (khawatir kalah, rugi,",Orang tanpa harapan baik
PERABOT,benda,7,barang-barang perlengkapan,Perlengkapan isi rumah
ALFABET,benda,7,abjad,Kumpulan huruf abjad
ALJABAR,benda,7,Yang Maha Perkasa (Allah Swt.),Matematika dengan variabel huruf
PILGRIM,benda,7,orang yang bepergian mengunjungi tempat suci suatu agama atau dengan tujuan untuk beribada,Peziarah ke tempat suci
SERDADU,benda,7,prajurit atau anggota tentara,Prajurit anggota tentara
PRAKTIK,benda,7,pelaksanaan secara nyata apa yang disebut dalam teori,Pelaksanaan nyata sebuah teori
GINSENG,benda,7,"tumbuhan yang berasal dari Asia Timur, dijadikan ramuan obat-obatan dan berkhasiat membang",Akar obat penambah tenaga
ABSTRAK,benda,7,"ikhtisar (karangan, laporan, dan sebagainya); ringkasan; inti",Ringkasan inti karangan
BLASTER,benda,7,peranakan (bukan keturunan asli),Anak keturunan campuran
OBELISK,benda,7,tiang segi empat meruncing ke ujung dan bermahkota piramida,Tugu tinggi meruncing
KOPLING,benda,7,bagian mesin kendaraan yang dipakai untuk mengatur perpindahan gigi persneling yang mengat,Pengatur perpindahan gigi persneling
LEMPENG,benda,7,bagian badan sisi kiri dan kanan antara ketiak dan pinggul,Kepingan pipih rata
NEUTRON,benda,7,partikel inti atom yang tidak bermuatan listrik dan massanya sedikit lebih besar daripada,Partikel inti tanpa muatan
BINTARA,benda,7,"kelompok pangkat dalam kepolisian, satu tingkat di bawah kelompok bintara tinggi dan satu",Pangkat rendah keprajuritan
SEDEKAH,benda,7,selamatan; kenduri,Pemberian amal ikhlas
MINGGAT,aksi,7,melarikan diri; pergi tanpa minta izin (berpamitan),Kabur tanpa pamit
MONCONG,benda,7,mulut yang panjang atau memanjang (seperti mulut anjing atau babi),Mulut hewan memanjang
TAMASYA,benda,7,"perjalanan untuk menikmati pemandangan, keindahan alam, dan sebagainya",Pelesir menikmati keindahan alam
ANIMASI,benda,7,film yang berbentuk rangkaian lukisan atau gambar yang satu dengan lain hanya berbeda sedi,Film gambar bergerak
YOGHURT,benda,7,"susu yang dihasilkan melalui fermentasi bakteri tertentu, rasanya agak asam, bentuknya se",Susu fermentasi rasa asam
JUNGKIR,aksi,7,tungging,Terbalik kepala di bawah
KREMASI,benda,7,pembakaran mayat hingga menjadi abu; pengabuan,Pembakaran mayat jadi abu
PAMFLET,benda,7,surat selebaran,Surat selebaran cetak
KUADRAN,benda,7,alat kuno untuk mengukur sudut,Alat kuno pengukur sudut
SANGKUT,aksi,7,"gantung, taut",Tergantung dan tertahan
FINALIS,benda,7,orang atau tim yang mengikuti final (tentang perlombaan),Peserta babak final
IDEALIS,benda,7,pengikut aliran idealisme,Pengikut paham idealisme
PUNTUNG,benda,7,merugi,Sisa ujung rokok
SIMFONI,benda,7,musik yang ditulis untuk orkes lengkap (biasanya terdiri atas empat bagian),Karya musik orkestra lengkap
JURAGAN,benda,7,pemilik dan pemimpin perahu (kapal),Pemilik kapal atau majikan
FIRDAUS,benda,7,surga,Taman surga tertinggi
PIALANG,benda,7,perantara dalam kegiatan jual beli; makelar,Perantara jual beli
RANCANG,aksi,7,merancang,Membuat rencana desain
PRETZEL,benda,7,"roti yang bertekstur keras atau lunak, biasanya berbentuk simpul longgar dengan taburan ga",Roti simpul bertabur garam
MUSAFIR,benda,7,orang yang bepergian meninggalkan negerinya (selama tiga hari atau lebih); pengembara,Pengembara jauh dari kampung
STARTER,benda,7,pemain yang bermain di awal pertandingan dalam suatu tim,Pemain awal pertandingan
TAHAPAN,benda,7,tabungan hari depan,Urutan langkah berjenjang
SETEBAL,benda,7,"pohon, kayunya keras dan tahan lama, digunakan sebagai bahan bangunan",Pohon berkayu keras awet
FEROMON,benda,7,zat kimia yang dikeluarkan oleh seekor hewan yang memungkinkannya berkomunikasi dengan ang,Zat kimia pemikat hewan
ANARKIS,benda,7,penganjur (penganut) paham anarkisme,Penganut paham tanpa aturan
INFLASI,benda,7,kemerosotan nilai uang (kertas) karena banyaknya dan cepatnya uang (kertas) beredar sehing,Melemahnya nilai mata uang
STOKING,benda,7,"kain penutup kaki wanita, terbuat dari sutra, nilon atau wol",Kaus penutup kaki wanita
ROMANSA,benda,7,percintaan,Kisah kasih asmara
PEDOFIL,benda,7,pelaku pedofilia,Penyuka anak menyimpang
KUNCIAN,benda,7,"teknik melumpuhkan lawan agar tidak dapat bergerak, melibatkan gerakan menghindar dengan t",Jurus melumpuhkan lawan gulat
AKURASI,benda,7,kecermatan; ketelitian; ketepatan,Ketepatan dan ketelitian
ROSARIO,benda,7,tasbih yang digunakan oleh umat Katolik,Tasbih umat Katolik
TEROBOS,aksi,7,menerobos,Menembus rintangan paksa
TESTING,benda,7,"percobaan (pengujian) sesuatu untuk mengetahui mutunya (nilainya, kekuatannya, susunannya,",Pengujian mutu barang
BROKOLI,benda,7,"sayuran, berdaun besar, berwarna hijau, gagang mendaging, memanjang, dan bercabang-cabang",Sayuran hijau berkuntum
MATRIKS,benda,7,matris,Susunan angka baris kolom
STRIKER,benda,7,pemain bagian depan atau ujung tombak dalam olahraga (misalnya sepak bola),Penyerang ujung tombak
GERILYA,benda,7,cara berperang yang tidak terikat secara resmi pada ketentuan perang (biasanya dilakukan d,Perang sembunyi tak resmi
PANGKAL,benda,7,modal; kapital,Titik awal permulaan
KANGURU,benda,7,mamalia berkantung yang memiliki kaki belakang lebih besar dan panjang daripada kaki depan,Mamalia berkantung pelompat
ARSENAL,benda,7,artileri senjata Angkatan Laut,Gudang penyimpanan senjata
KABARET,benda,7,"pertunjukan hiburan berupa nyanyian, tarian, dan sebagainya",Hiburan panggung nyanyian tarian
JAMAIKA,benda,7,"negara yang terletak di Kepulauan Karibia, beribu kota Kingston",Negeri asal musik reggae
BASEMEN,benda,7,ruang bawah tanah,Ruang kolong bawah gedung
MIMISAN,aksi,7,"keluar darah dari hidung (karena sakit kepala, jatuh, dan sebagainya)",Darah keluar dari hidung
BAYONET,benda,7,"pin pengunci di tempat lensa, dimasukkan ke kamera atau lampu kilat di soket",Pisau ujung laras senapan
CONDONG,benda,7,parang tanpa gagang,Miring ke satu sisi
MIGRAIN,benda,7,sakit kepala yang disertai rasa nyeri berdenyut pada satu sisi saja dan timbul dalam bentu,Sakit kepala sebelah berdenyut
LOLIPOP,benda,7,"permen keras yang disajikan dengan tangkai, biasanya berbentuk bulat dan berwarna-warni",Permen keras bertangkai bulat
KALSIUM,benda,7,"logam putih, menyerupai kristal; unsur dengan nomor atom 20, berlambang Ca, dan bobot atom",Mineral penguat tulang
KATALIS,benda,7,zat yang dapat mempercepat atau memperlambat reaksi yang pada akhir reaksi dilepaskan kemb,Zat pemacu reaksi kimia
PATOGEN,benda,7,bahan yang menimbulkan penyakit,Bibit penyebab penyakit
NOTARIS,benda,7,orang yang mendapat kuasa dari pemerintah untuk mengesahkan dan menyaksikan berbagai surat,Pejabat pengesah akta resmi
LANSKAP,benda,7,tata ruang di luar gedung (untuk mengatur pemandangan alam),Penataan pemandangan alam luar
PURITAN,benda,7,orang yang hidup saleh dan yang menganggap kemewahan dan kesenangan sebagai dosa,Penganut hidup saleh sederhana
ATRIBUT,benda,7,lambang,Kelengkapan tanda pengenal
MUNCRAT,aksi,7,memuncrat,Menyembur keluar deras
TANGKAS,benda,7,jaring yang sudah selesai dipakai menangkap ikan dan diletakkan di tempat semula,Cekatan gesit dan sigap
SPANDUK,benda,7,"kain yang direntangkan yang berisi slogan, propaganda, atau berita yang perlu diketahui um",Kain rentang berisi slogan
GARANSI,benda,7,jaminan; tanggungan,Jaminan mutu barang
BENGONG,aksi,7,"termenung (terdiam) seperti kehilangan akal (karena heran, sedih, dan sebagainya)",Termenung kehilangan akal
KNALPOT,benda,7,bagian motor berbentuk pipa panjang yang berfungsi meredam bunyi letupan tempat saluran bu,Peredam bunyi pembuangan motor
SELISIH,benda,7,beda; kelainan,Beda hasil pengurangan
MATADOR,benda,7,julukan tim sepak bola nasional Spanyol,Penjinak banteng Spanyol
KEMBUNG,benda,7,lumbung,Perut penuh gas
VENTURA,benda,7,usaha,Usaha modal berisiko
DENDENG,benda,7,daging sayatan yang dibumbui dan dikeringkan,Daging sayatan kering berbumbu
CENTANG,aksi,7,pukul,Tanda coretan benar
BLENDER,benda,7,"alat bertenaga listrik untuk melumatkan buah, makanan, dan sebagainya",Alat pelumat buah listrik
BULETIN,benda,7,"siaran kilat resmi tentang perkembangan atau hasil-hasil penyelidikan (pertandingan, dan s",Siaran berita resmi kilat
TEKSTUR,benda,7,ukuran dan susunan (jaringan) bagian suatu benda; jalinan atau penyatuan bagian-bagian ses,Susunan permukaan suatu benda
LINGKAR,benda,7,keliling bulatan,Keliling bentuk bundar
SABRINA,benda,7,garis leher horizontal pakaian,Model garis leher mendatar
PANEKUK,benda,7,"penganan dadar yang dibuat dari tepung terigu, gula, dan telur, diolesi selai atau pasta c",Kue dadar tepung manis
PREMIER,benda,7,"pertunjukan (film, drama, dan sebagainya) perdana ke hadapan publik",Penayangan perdana film
KAFILAH,benda,7,kontingen,Rombongan musafir padang pasir
KUNJUNG,aksi,7,datang untuk menjumpai; bertandang; berziarah,Datang menemui seseorang
LIMUSIN,benda,7,limosin,Sedan mewah memanjang
GEJOLAK,benda,7,nyala api yang berkobar-kobar,Kobaran api membara
KOMODOR,benda,7,pangkat perwira tinggi pertama dalam angkatan udara atau angkatan laut (langsung di atas p,Perwira tinggi angkatan udara
RENGGUT,aksi,7,tarik; ambil,Menarik dengan paksa
TANGKAI,benda,7,kata penggolong untuk bunga,Gagang penopang bunga
IMITASI,benda,7,tiruan; bukan asli,Barang tiruan bukan asli
AKROBAT,benda,7,"kemahiran dalam melakukan berbagai ketangkasan (seperti berjalan di atas tali, naik sepeda",Atraksi kelenturan tubuh
KARISMA,benda,7,atribut kepemimpinan yang didasarkan atas kualitas kepribadian individu,Daya pikat kepribadian memukau
BIRYANI,benda,7,beriani,Nasi rempah khas India
SELOTIP,benda,7,"perekat terbuat dari plastik, baik bermata satu maupun bermata dua",Pita perekat plastik bening
IRIGASI,benda,7,pengaturan pembagian atau pengaliran air menurut sistem tertentu untuk sawah dan sebagainy,Sistem pengairan sawah teratur
PANGGUL,benda,7,pangkal paha,Bagian pangkal paha
KLIPING,benda,7,"guntingan atau potongan bagian tertentu dari surat kabar, majalah, dan sebagainya, yang ke",Guntingan artikel dari koran
KORTEKS,benda,7,bagian luar suatu alat organ,Lapisan terluar suatu organ
KENCANA,benda,7,emas,Logam mulia kuning berkilau
FONDASI,benda,7,"dasar bangunan yang kuat, biasanya (terdapat) di bawah permukaan tanah tempat bangunan itu",Dasar bawah bangunan
PILATES,benda,7,"metode senam ringan untuk memperkuat otot perut, memperbaiki postur tubuh, dan meningkatka",Senam penguat otot tubuh
GEDEBUK,benda,7,tiruan bunyi seperti bunyi barang berat jatuh ke tanah,Bunyi benda berat jatuh
ANALOGI,benda,7,persamaan atau persesuaian antara dua benda atau hal yang berlainan; kias,Persamaan dua hal berbeda
CELEMEK,benda,7,kain kecil penutup baju pada dada anak kecil sebagai alat untuk menjaga kebersihan (dari i,Kain pelindung baju
DENGKUR,benda,7,tiruan bunyi napas yang kuat dari orang tidur; keruh,Bunyi napas orang tidur
PREMIUM,benda,7,yang bermutu (berkualitas),Bermutu sangat tinggi
MASINIS,benda,7,"orang yang menjalankan atau melayani mesin (di kapal, lokomotif, dan sebagainya); juru mes",Pengemudi kereta api
BELUKAR,benda,7,tumbuhan kayu-kayuan kecil dan rendah,Semak tumbuhan rendah liar
DENTING,benda,7,tiruan bunyi uang logam jatuh di ubin,Bunyi logam kecil beradu
RESPONS,benda,7,tanggapan; reaksi; jawaban,Tanggapan atas sesuatu
PENATUA,benda,7,"orang yang bertugas untuk memimpin jemaat, mengantar pengkhotbah ke mimbar, mengatur serta",Pemimpin jemaat gereja
GRAFITI,benda,7,"coretan dalam berbagai bentuk (kata, simbol, dan sebagainya) dan warna yang terdapat pada",Coretan seni dinding
TETANUS,benda,7,penyakit akibat infeksi luka oleh bakteri Clostridium tetani dengan gejala kejang-kejang,Penyakit kejang akibat luka
PELOSOK,benda,7,tempat yang jauh atau yang tidak mudah didatangi; penjuru,Daerah terpencil jauh
MEMBRAN,benda,7,lembaran (lempengan) tipis yang lentuk; pelat getar,Selaput tipis lentur
BELUDRU,benda,7,"kain dengan permukaan yang tebal, berbulu halus pada bagian depan dan rata pada bagian bel",Kain berbulu halus lembut
BOLIVAR,benda,7,mata uang Venezuela,Uang resmi Venezuela
ALPUKAT,benda,7,buah alpukat,Buah hijau berdaging lembut
VOKALIS,benda,7,penyanyi (tunggal),Penyanyi utama grup musik
TAHNIAH,benda,7,ucapan selamat,Ucapan selamat berbahagia
AKUSTIK,benda,7,keadaan ruang yang dapat memengaruhi mutu bunyi,Mutu suara ruangan
PROSTAT,benda,7,kelenjar alat benih kelamin laki-laki yang letaknya melingkari bagian atas aliran kandung,Kelenjar organ pria
NOVELIS,benda,7,pengarang novel,Penulis cerita panjang
DOKTRIN,benda,7,"ajaran (tentang asas suatu aliran politik, keagamaan)",Ajaran pokok aliran
KERAMAS,aksi,7,mencuci rambut dengan sampo (dengan cara mengguyur dan membersihkannya),Mencuci rambut kepala
GITARIS,benda,7,orang yang ahli bermain gitar; pemain gitar yang terampil,Pemain alat musik petik
SETRIKA,benda,7,"alat melicinkan pakaian dan sebagainya (dibuat dari besi, cara memakainya dengan dipanaska",Alat pelicin pakaian
TANGKIS,aksi,7,menangkis,Menepis serangan lawan
FIGURAN,benda,7,"pemain (film, sandiwara) yang memegang peran yang tidak berarti",Pemeran film tambahan
ADVOKAT,benda,7,ahli hukum yang berwenang sebagai penasihat atau pembela perkara dalam pengadilan; pengaca,Pembela perkara pengadilan
PERTIWI,benda,7,bumi,Tanah air tercinta
POLIMER,benda,7,zat yang dihasilkan dengan cara polimerisasi dari molekul yang sangat banyak dengan satuan,Molekul rantai panjang
DONATUR,benda,7,orang yang secara tetap memberikan sumbangan berupa uang kepada suatu perkumpulan dan seba,Pemberi sumbangan dana
KELAKAR,benda,7,senda gurau,Senda gurau lucu
PERASAN,aksi,7,sadar (akan adanya atau terjadinya sesuatu),Sadar adanya sesuatu
NATRIUM,benda,7,"logam alkali lunak, berwarna putih perak; unsur dengan nomor atom 11, berlambang Na",Logam alkali putih perak
ADIPATI,benda,7,gelar bupati (sebelum zaman kemerdekaan),Gelar bangsawan penguasa daerah
TRIBUNE,benda,7,panggung untuk tempat berbicara,Panggung tempat berpidato
INDUKSI,benda,7,proses pembangkitan tenaga listrik di dalam sirkulasi tertutup oleh arus (gerak) magnetik,Pembangkitan arus magnetik
SUGESTI,benda,7,pendapat yang dikemukakan (untuk dipertimbangkan); anjuran; saran,Pengaruh terhadap pikiran
SPAGETI,benda,7,mi yang menjadi makanan utama orang Itali,Mi khas Italia
ALFALFA,benda,7,"kecambah berdaun hijau bulat lonjong asal daratan Mediterania, biasa digunakan dalam masak",Tunas hijau salad
NIKOTIN,benda,7,"zat racun yang terdapat dalam tembakau, digunakan dalam perobatan dan untuk insektisida",Zat racun tembakau
OFENSIF,benda,7,serangan,Bersifat menyerang lawan
LAKTOSA,benda,7,"gula susu yang keras, berupa bubuk putih berasa manis, tidak berbau, stabil di udara, laru",Gula alami susu
BIMBING,aksi,7,tuntun,Menuntun mengarahkan seseorang
MAYONES,benda,7,"saus dingin yang dimakan dengan selada, dibuat dari bahan kuning telur, garam, merica, mos",Saus dari kuning telur
SELAPUT,benda,7,kulit tipis (terutama pada bagian tubuh),Lapisan kulit tipis
PROPANA,benda,7,gas yang diperoleh dari penguraian minyak bumi yang dapat dimampatkan ke dalam silinder da,Gas bahan bakar tabung
ORBITAL,benda,7,bagian ruang dengan peluang tinggi untuk menjumpai elektron tertentu dalam sebuah atom,Lintasan elektron dalam atom
SERAMBI,benda,7,peron (untuk stasiun),Teras depan rumah
TONGGAK,aksi,7,menonggak,Tiang kayu tegak
BUNGLON,benda,7,"bengkarung yang hidup di pohon, dapat bertukar warna menurut tempatnya",Kadal pengubah warna
MELARAT,benda,7,rugi,Sangat miskin sengsara
MAGENTA,benda,7,"warna merah keunguan atau pink tua, mirip dengan warna fusia",Warna merah keunguan
PERDATA,benda,7,sipil (sebagai) lawan kriminal atau pidana,Hukum sipil bukan pidana
SANGKAL,aksi,7,bantah; tidak membenarkan,Membantah suatu tuduhan
GLUKOSA,benda,7,zat gula sederhana yang banyak terdapat di dalam tumbuhan dan hewan,Gula darah sederhana
SOLITER,benda,7,"permainan kartu yang dapat dimainkan oleh satu orang, sekarang terdapat dalam bentuk aplik",Permainan kartu sendirian
BRAILLE,benda,7,sistem tulisan dan cetakan (berdasarkan abjad Latin) untuk para tunanetra berupa kode yang,Huruf timbul tunanetra
ELEKTRO,benda,7,elektronika,Jurusan teknik listrik
KESEMEK,benda,7,buah kesemek,Buah manis oranye
JASMANI,benda,7,tubuh; badan; benda sebagai lawan rohani,Berkaitan dengan tubuh
TUNGGUL,benda,7,bendera; panji-panji,Panji kebesaran perang
ORNAMEN,benda,7,serangkaian not yang digunakan untuk menghias melodi,Hiasan penambah keindahan
TEKSTIL,benda,7,"barang tenun (seperti cita, kain putih); bahan pakaian",Bahan kain pakaian
BENTROK,aksi,7,bercekcok; berselisih,Bertengkar hingga bertikai
SIMETRI,benda,7,"seimbang (tentang bentuk, ukuran, dan sebagainya); selaras",Seimbang kedua sisi
KAPITAL,benda,7,modal (pokok) dalam perniagaan,Modal pokok usaha
ADVISOR,benda,7,"ahli yang bertugas memberikan saran, masukan, atau nasihat; penasihat",Pemberi nasihat ahli
TABUHAN,benda,7,"tawon berukuran besar, mempunyai sengat untuk membunuh mangsa dan mempertahankan sarang, s",Tawon besar penyengat
SENARAI,benda,7,daftar,Daftar rincian nama
JENJANG,benda,7,tingkat-tingkat yang beraturan dari bawah ke atas; tangga; tingkat; tahap,Tingkatan bertahap naik
TINGKAP,benda,7,"jendela di atap (di dinding dan sebagainya); ada bermacam-macam rupa dan namanya, seperti",Jendela kecil dinding
RANGKUL,aksi,7,merangkul,Memeluk dengan lengan
JELAJAH,aksi,7,menjelaskan,Mengembara menyusuri wilayah
TONGKOL,benda,7,tongkol jagung,Bonggol pada jagung
PERKUSI,benda,7,alat musik pukul,Alat musik tabuh
BORJUIS,benda,7,kelas masyarakat dari golongan menengah ke atas (biasanya dipertentangkan dengan rakyat je,Golongan kaya berpunya
EKUITAS,benda,7,saham,Modal kepemilikan saham
KONSESI,benda,7,kerelaan (mengurangi tuntutan dan sebagainya),Kelonggaran suatu tuntutan
AMNESTI,benda,7,pengampunan atau penghapusan hukuman yang diberikan kepala negara kepada seseorang atau se,Pengampunan hukuman kenegaraan
TANGGUL,benda,7,tambak (pematang besar) di tepi sungai dan sebagainya untuk menahan air,Tambak penahan air
MEGATON,benda,7,satuan ukuran daya sebesar satu juta ton dinamit (= 1.000.000 ton TNT),Satuan daya ledakan
SIMPANG,benda,7,tempat berbelok atau bercabang dari yang lurus (tentang jalan),Cabang atau belokan
KLIRING,benda,7,penyelesaian pembukuan dan pembayaran antarbank dengan memindahkan saldo kepada pihak yang,Penyelesaian pembayaran antarbank
AEROSOL,benda,7,"sistem tersebarnya partikel halus zat padat atau cairan dalam gas atau udara, misalnya asa",Semprotan partikel halus
SELEDRI,benda,7,"terna tegak, tinggi sekitar 40 cm, berbatang persegi dan beralur membujur, bunganya kecil-",Daun penyedap sup
IRITASI,benda,7,gangguan,Rasa perih meradang
ILALANG,benda,7,alang-alang,Rumput liar tinggi
STOPLES,benda,7,"tabung kaca atau plastik yang bertutup, biasanya dipakai untuk menyimpan sesuatu, seperti",Wadah kaca bertutup
EKOLOGI,benda,7,ilmu tentang hubungan timbal balik antara makhluk hidup dan (kondisi) alam sekitarnya (lin,Ilmu lingkungan hidup
CONGKAK,benda,7,"kulit lokan yang dipakai dalam permainan, ada bermacam-macam seperti -- baiduri, -- putih",Sombong dan angkuh
GENTONG,benda,7,"tempat air yang berbentuk seperti tempayan besar, biasanya terbuat dari tanah liat",Tempayan besar penyimpan air
LIMOSIN,benda,7,"sedan mewah beruang lega, berpintu empat atau lebih, dan ruang penumpang terpisah dari rua",Sedan mewah memanjang
KLAUSUL,benda,7,"ketentuan tersendiri dari suatu perjanjian, yang salah satu pokok atau pasalnya diperluas",Pasal dalam perjanjian
EKSODUS,benda,7,bagian kedua dari Alkitab,Perpindahan penduduk besar-besaran
DESIMAL,benda,7,persepuluhan,Bilangan berbasis sepuluh
NIRWANA,benda,7,tempat kebebasan (kesempurnaan); surga,Surga kebahagiaan sempurna
RASISME,benda,7,rasialisme,Paham pembedaan ras
RESIDEN,benda,7,pegawai pamong praja yang mengepalai daerah (bagian dari provinsi yang meliputi beberapa k,Pejabat kepala daerah
TANJUNG,benda,7,bunga tanjung,Daratan menjorok ke laut
KOMPRES,benda,7,kain pembebat dan sebagainya yang dibasahi dengan air dingin (es dan sebagainya) untuk men,Kain basah pereda
RESITAL,benda,7,konser atau pertunjukan yang ditampilkan seorang pemain musik atau kelompok kecil pemain m,Pertunjukan musik tunggal
PETUNIA,benda,7,"tanaman terna dari famili Solanaceae, tingginya antara 16�30 cm, bunganya ada yang bermahk",Bunga hias corong
INTELEK,benda,7,daya atau proses pemikiran yang lebih tinggi yang berkenaan dengan pengetahuan; daya akal,Kecerdasan akal budi
ANAGRAM,benda,7,permainan kata,Permainan susun huruf
CANGKUL,benda,7,"alat untuk menggali dan mengaduk tanah, dibuat dari lempeng besi dan diberi tangkai panjan",Alat penggali tanah
GERIMIS,benda,7,hujan rintik-rintik,Hujan rintik halus
BAHADUR,benda,7,pahlawan; satria,Satria gagah berani
DIPLOMA,benda,7,surat keterangan resmi yang menyatakan telah tamat sekolah (lulus ujian dan sebagainya),Ijazah tanda kelulusan
SIFILIS,benda,7,"penyakit kelamin yang disebabkan oleh Treponema pallidum yang berbahaya bagi penderita, ju",Penyakit kelamin menular
PECINAN,benda,7,tempat permukiman orang Cina,Permukiman warga Tionghoa
FRAKTUR,benda,7,keretakan atau keadaan patah (tentang tulang dan sebagainya),Patah pada tulang
RAMPUNG,aksi,7,selesai; beres; usai,Selesai sudah tuntas
RINGKUS,aksi,7,ikat kaki dan tangan,Menangkap lalu mengikat
BINCANG,aksi,7,bicara; runding,Berbicara bertukar pikiran
GONDOLA,benda,7,kabin tempat penumpang pada kereta gantung,Kabin kereta gantung
KOPILOT,benda,7,pembantu pilot,Asisten juru terbang
MONARKI,benda,7,bentuk pemerintahan yang dikepalai oleh raja,Pemerintahan dipimpin raja
DENGUNG,benda,7,"tiruan bunyi yang bergema dari baling-baling pesawat terbang, sirene, kumbang, dan sebagai",Bunyi bergema panjang
GERGASI,benda,7,"raksasa yang besar, suka makan orang",Raksasa pemakan manusia
RANGKAP,aksi,7,merangkap,Ganda dua lapis
TEOLOGI,benda,7,"pengetahuan ketuhanan (mengenai sifat Allah, dasar kepercayaan kepada Allah dan agama, ter",Ilmu tentang ketuhanan
CELSIUS,benda,7,"satuan suhu yang berasal dari nama penemu Anders Celsius, digunakan untuk suhu termometer",Satuan ukuran suhu
NASABAH,benda,7,perbandingan; pertalian,Pemilik rekening bank
KOMUTER,benda,7,ulang-alik,Perjalanan bolak-balik rutin
BELASAH,aksi,7,pukul,Hantam bertubi-tubi
HINGGAP,aksi,7,bertengger setelah terbang (tentang burung),Burung berhenti bertengger
NAKHODA,benda,7,juragan (pemimpin) perahu (kapal),Pemimpin sebuah kapal
PANGKAS,benda,7,fitur dalam program grafis untuk memotong bagian-bagian yang tidak perlu,Memotong hingga pendek
MONOLOG,benda,7,monodrama,Bicara seorang diri
LANGKAN,benda,7,pagar berupa kisi-kisi (pada jembatan dan sebagainya),Pagar kisi jembatan
OVARIUM,benda,7,alat kelamin dalam yang membentuk sel telur pada wanita; indung telur,Indung telur wanita
LAKSANA,benda,7,tanda yang baik; sifat; laku; perbuatan,Serupa atau bagaikan
SUMBANG,aksi,7,beri,Memberi bantuan dana
MEDIASI,benda,7,proses pengikutsertaan pihak ketiga dalam penyelesaian suatu perselisihan sebagai penasiha,Penyelesaian sengketa pihak ketiga
KABISAT,benda,7,"tahun yang jumlah harinya 366 hari (dalam tahun itu, jumlah hari dalam bulan Februari adal",Tahun 366 hari
LEMBING,benda,7,"tombak pandak (dapat ditohokkan, dapat dilemparkan)",Tombak untuk dilempar
MANIKUR,benda,7,perawatan tangan dan kuku,Perawatan kuku tangan
PEDIKUR,benda,7,orang yang mempunyai pekerjaan merawat kaki,Perawatan kuku kaki
ANEKDOT,benda,7,"cerita singkat yang menarik karena lucu dan mengesankan, biasanya mengenai orang penting a",Cerita singkat lucu
FEMINIS,benda,7,orang yang menganut paham feminisme,Penganut kesetaraan perempuan
LATERAL,benda,7,bunyi yang dihasilkan dengan penutupan sebagian lidah,Ke arah samping
CANGKOK,benda,7,cabang (dahan) yang dijadikan akar untuk ditanam,Sambungan dahan tumbuhan
BUNTING,aksi,7,sudah berisi bakal buah atau bakal bunga (tentang tumbuh-tumbuhan),Hewan sedang mengandung
SAKELAR,benda,7,penghubung dan pemutus aliran listrik (untuk menghidupkan atau mematikan lampu),Tombol hidupkan lampu
METERAI,benda,7,"cap tanda berupa gambar yang tercantum pada kertas atau terukir pada kayu, besi, dan sebag",Cap resmi dokumen
DEFISIT,benda,7,kekurangan (dalam anggaran belanja),Kekurangan anggaran keuangan
KHINZIR,benda,7,babi,Hewan haram berkubang
KATARAK,benda,7,air terjun besar,Kekeruhan lensa mata
EMBARGO,benda,7,larangan lalu lintas barang (antarnegara),Larangan dagang antarnegara
TUNGKAI,benda,7,kaki (seluruh kaki dari pangkal paha ke bawah),Bagian kaki manusia
DESERSI,benda,7,(perbuatan) lari meninggalkan dinas ketentaraan,Kabur dari militer
AKAPELA,benda,7,paduan suara tanpa iringan alat musik yang lazim dilakukan di gereja kecil,Nyanyi tanpa musik
KROMIUM,benda,7,mineral yang dapat membantu menurunkan kadar glukosa darah dengan cara meningkatkan kinerj,Logam pelapis mengilap
STAPLES,benda,7,potongan logam berbentuk U yang digunakan untuk menjepit kertas; pengisi stapler,Kawat penjepit kertas
KLORIDA,benda,7,senyawa biner klorin,Garam dari klorin
GRANOLA,benda,7,"campuran gandum gulung, tepung gandum utuh, kacang-kacangan, buah-buahan kering, minyak, d",Sereal gandum sarapan
DESIBEL,benda,7,satuan ukuran untuk mengukur kerasnya suara; satuan ukuran untuk mengukur ketajaman penden,Satuan kekerasan suara
EPSILON,benda,7,nama huruf ke-5 abjad Yunani,Huruf kelima Yunani
BULIMIA,benda,7,"penyakit merasa lapar yang berlebihan dan ingin selalu makan, tetapi setelah makan lalu mu",Gangguan makan berlebihan
BARISTA,benda,7,orang yang ahli membuat minuman kopi (seperti espreso) di kafe atau kedai kopi,Peracik minuman kopi
ARSENIK,benda,7,"unsur nonlogam dengan nomor atom 33, berlambang As, dan bobot atom 74,9216",Racun nonlogam mematikan
TRISULA,benda,7,tombak bermata tiga,Senjata tombak tiga ujung
AMONIUM,benda,7,ion NH4+,Ion positif dalam pupuk
KEMANGI,benda,7,daun kemangi,Daun harum lalapan
BEKICOT,benda,7,siput darat pemakan daun-daunan dan batang muda,Siput darat bercangkang
AUDIENS,benda,7,"hadirin, pengunjung, pendengar suatu ceramah dan sebagainya",Kumpulan pendengar acara
SEDIMEN,benda,7,benda padat yang diendapkan oleh air atau es,Endapan di dasar
PELIKAN,benda,7,undan,Burung berkantung paruh
APRIKOT,benda,7,persik; abrikos,Buah oranye mirip persik
NINGRAT,benda,7,aristokrat,Kaum bangsawan tinggi
ALOKASI,benda,7,penentuan banyaknya uang (biaya) yang disediakan untuk suatu keperluan,Penjatahan dana anggaran
ESTAFET,benda,7,perjalanan yang dilakukan dengan berganti-ganti kendaraan,Lari beranting bergantian
MASKARA,benda,7,"kosmetik berupa cairan berwarna (hitam, cokelat, dan sebagainya) untuk membuat bulu mata t",Kosmetik pelentik bulu mata
TROMBON,benda,7,alat musik tiup berbentuk trompet panjang dan cara memainkannya ditiup sambil menyorong da,Alat tiup sorong panjang
REDAKSI,benda,7,cara dan gaya menyusun kata dalam kalimat,Tim penyunting berita
ORIGAMI,benda,7,seni melipat kertas dari Jepang,Seni lipat kertas
RAVIOLI,benda,7,"pasta berbentuk persegi yang berisi daging, keju, dan sayuran",Pasta isi kotak
SENDAWA,benda,7,"bahan kimia kalium nitrat (KNO_), digunakan sebagai bahan campuran pembuatan mesiu; salpet",Keluar angin dari mulut
PANDEMI,benda,7,"wabah yang berjangkit serempak di mana-mana, meliputi daerah geografi yang luas",Wabah menyebar luas dunia
PUSTAKA,benda,7,kitab; buku,Kumpulan buku referensi
DEBITUR,benda,7,orang atau lembaga yang berutang kepada orang atau lembaga lain,Pihak peminjam berutang
SELIBAT,benda,7,ketentuan tidak menikah bagi rohaniwan sebagai tanda ketakwaan dan pengabdian penuh kepada,Ikrar tidak menikah
PROGRES,benda,7,kemajuan,Perkembangan maju bertahap
KATAPEL,benda,7,"mainan anak-anak, gagangnya dibuat dari dahan bercabang dua yang pada kedua ujungnya diika",Pelontar batu karet
MAHYONG,benda,7,"permainan dari Cina, dimainkan dengan 144 kartu bergambar, mirip kartu domino, dibuat dari",Permainan ubin Tiongkok
DEDUKSI,benda,7,pengurangan setiap biaya dari pendapatan,Penarikan kesimpulan logis
REKLAME,benda,7,"pemberitahuan kepada umum tentang barang dagangan (dengan kata-kata yang menarik, gambar)",Iklan papan besar
DOPAMIN,benda,7,senyawa kimia dalam otak yang terbentuk sebelum epinefrina yang berfungsi sebagai penghubu,Hormon pemicu rasa senang
PIUTANG,benda,7,tagihan uang perusahaan kepada para pelanggan yang diharapkan akan dilunasi dalam waktu pa,Tagihan uang belum dibayar
ABALONE,benda,7,gastropoda yang memiliki otot kaki lebar dan kuat serta cangkang berlubang di tepi yang bi,Siput laut cangkang berlubang
TROMPET,benda,7,alat musik tiup,Alat musik tiup logam
KOLIBRI,benda,7,"burung terkecil yang hanya memiliki berat sekitar 3 gram, berwarna hijau metalik di punggu",Burung mungil pengisap madu
STAPLER,benda,7,alat untuk menjepit (kertas dan sebagainya) yang berisi staples,Alat penjepit kertas
JANGKAU,benda,7,jarak terbesar antara dua zarah sebelum interaksinya,Meraih sesuatu yang jauh
INVASIF,benda,7,prosedur memecah kulit karena elektromiografi dengan menggunakan elektrode jarum dalam oto,Cenderung menyerang dan menyebar
OTONOMI,benda,7,pemerintahan sendiri,Hak mengatur wilayah sendiri
LEMPARI,benda,7,canang,Melontarkan batu berulang kali
SUBSIDI,benda,7,"bantuan uang dan sebagainya kepada yayasan, perkumpulan, dan sebagainya (biasanya dari pih",Bantuan dana pemerintah
KETIMUN,benda,7,mentimun,Sayur hijau untuk lalapan
BUDIMAN,benda,7,"orang yang berbudi, pintar, dan bijaksana",Orang bijak dan pandai
VALERIA,benda,7,tumbuhan perdu menahun dengan bunga berkelompok merah atau putih yang akarnya dapat dijadi,Tanaman obat penenang
MUJAHID,benda,7,orang yang berjuang demi membela agama (Islam),Pejuang pembela agama Islam
MAGASIN,benda,7,"tabung berisi peluru yang dapat dipasang di bedil (pistol, senapan, dan sebagainya)",Wadah peluru pada senapan
ALKIMIA,benda,7,kimia Abad Pertengahan yang mendambakan obat kekekalan hidup dan mengubah logam merah menj,Ilmu kuno pencari emas
KOVENAN,benda,7,perjanjian,Perjanjian resmi bersama
REVIVAL,benda,7,tindakan menghidupkan kembali bentuk dan makna pertunjukan yang disesuaikan dengan perkemb,Menghidupkan kembali karya lama
MINIBAR,benda,7,kulkas kecil di hotel yang biasanya menyediakan minuman ringan atau minuman beralkohol dan,Kulkas minuman kamar hotel
FASISME,benda,7,prinsip atau paham golongan nasionalis ekstrem yang menganjurkan pemerintahan otoriter,Paham otoriter nasionalis ekstrem
ENTROPI,benda,7,"keseimbangan termodinamis, terutama mengenai perubahan energi yang hukumnya disebut hukum",Ukuran ketidakteraturan sistem
HAKIKAT,benda,7,inti sari atau dasar,Inti sesuatu yang sebenarnya
PRANGKO,benda,7,tanda pembayaran biaya pos (biasanya berupa kertas persegi bergambar),Tempelan kecil pada surat
PERSONA,benda,7,orang; pribadi,Citra diri seseorang
BUMBUNG,benda,7,tabung bambu; perian,Tabung dari bambu
ADAPTOR,benda,7,"alat untuk menghubungkan dua bagian benda, misalnya yang berbeda diameternya",Alat penyambung dua benda
BESARAN,benda,7,murbei,Sesuatu yang dapat diukur
ANTIGEN,benda,7,zat (misalnya protein atau toksin) yang dapat merangsang pembentukan antibodi jika diinjek,Zat pemicu pembentukan antibodi
BELALAI,benda,7,"jungur atau hidung yang panjang pada beberapa binatang, ada yang berfungsi sebagai tangan",Hidung panjang gajah
TENGGAK,aksi,7,menenggak,Meneguk habis sekaligus
HIPSTER,benda,7,celana yang pas dan ketat di pinggul,Celana ketat di pinggul
KETUBAN,benda,7,"air yang keluar dari rahim, mendahului bayi yang akan lahir; tuban-tuban",Cairan pembungkus janin
SUKSESI,benda,7,proses pembentukan komunitas hutan alam beserta fungsi ekosistemnya,Pergantian pemegang kekuasaan
FALAFEL,benda,7,penganan khas Timur Tengah berbahan dasar kacang arab yang dibentuk bulat bersama dengan c,Bola gorengan khas Arab
KOROSIF,benda,7,bahan yang menyebabkan pengikisan,Bersifat mengikis dan merusak
AUTISME,benda,7,gangguan perkembangan pada anak yang berakibat tidak dapat berkomunikasi dan tidak dapat m,Gangguan perkembangan komunikasi anak
TAMTAMA,benda,7,"kelompok pangkat paling rendah dalam ketentaraan dan kepolisian, satu tingkat di bawah bin",Pangkat terendah tentara
LOYALIS,benda,7,pengikut atau pendukung (pemerintah dan sebagainya) yang setia,Pendukung yang sangat setia
RUBANAH,benda,7,ruang bawah tanah; basemen,Ruang bawah tanah gedung
URGENSI,benda,7,keharusan yang mendesak; hal sangat penting,Hal yang sangat mendesak
EUFORIA,benda,7,perasaan nyaman atau perasaan gembira yang berlebihan,Kegembiraan yang berlebihan
PONAKAN,benda,7,kemenakan,Anak dari saudara kandung
MUTAGEN,benda,7,"sesuatu yang menjadi sebab (misalnya zat kimia, cahaya, gas, dan virus) terjadinya mutasi",Penyebab mutasi gen
ETALASE,benda,7,tempat memamerkan barang-barang yang dijual (biasanya di bagian depan toko),Rak pajang barang toko
GELITIK,aksi,7,kilik-kilik (menyebabkan geli),Colekan ringan bikin tertawa
BELIUNG,benda,7,"perkakas tukang kayu, rupanya seperti kapak dengan mata melintang (tidak searah dengan tan",Kapak tukang kayu melintang
TERJANG,aksi,7,serang,Menyerbu dengan tendangan keras
KELAMBU,benda,7,tirai (tempat tidur dan sebagainya) dari kain kasa untuk mencegah nyamuk,Tirai kasa penangkal nyamuk
GANGREN,benda,7,pembusukan daging yang terjadi pada bagian tubuh yang tidak lagi dialiri darah,Pembusukan jaringan tubuh mati
KRIPTON,benda,7,"gas lamban yang terdapat di udara; unsur dengan nomor atom 36, berlambang Kr, bobot atom 8",Unsur gas mulia langka
RACIKAN,benda,7,"alat untuk membelah dan menghaluskan rotan terdiri dari pisau, sekrup dan roda yang dipas",Campuran ramuan obat
OREGANO,benda,7,"tanaman penyedap masakan, tumbuh di Asia Tengah, panjang tanaman 20�80 cm, daun berlawanan",Rempah daun penyedap masakan
SERAPAH,benda,7,kutuk; sumpah,Kata kutukan dan umpatan
MANIFES,benda,7,pernyataan terbuka tentang tujuan dan pandangan seseorang atau suatu kelompok; manifesto,Pernyataan terbuka tujuan kelompok
PRADUGA,benda,7,anggapan tentang sesuatu tanpa (harus) membuktikannya terlebih dahulu; prasangka,Dugaan sebelum ada bukti
PERANTI,benda,7,syarat,Alat untuk melakukan sesuatu
MONOTON,benda,7,jenis adegan dengan dinamika yang selalu sama,Selalu sama dan membosankan
SPATULA,benda,7,sendok,Alat pipih pengaduk adonan
HELIPAD,benda,7,landasan untuk helikopter,Landasan mendarat helikopter
EDUKASI,benda,7,(perihal) pendidikan,Proses pemberian ilmu pengetahuan
SKROTUM,benda,7,kantong buah pelir,Kantong pelindung buah zakar
SERUNAI,benda,7,alat musik tiup jenis klarinet yang dibuat dari kayu,Alat musik tiup tradisional
SERVIKS,benda,7,daerah yang menghubungkan rahim (uterus) dan vagina,Leher rahim wanita
BANDANA,benda,7,ikat kepala,Kain pengikat kepala
VITRIOL,benda,7,garam sulfat,Garam dari asam sulfat
REGRESI,benda,7,hubungan rata-rata antarvariabel,Kemunduran ke tahap sebelumnya
MOLUSKA,benda,7,"hewan berbadan lunak, sering bercangkang keras, misalnya siput dan bekicot",Hewan bertubuh lunak
RISALAH,benda,7,laporan rapat; notula,Catatan hasil rapat
BIODATA,benda,7,riwayat hidup singkat,Riwayat hidup ringkas
HUMORIS,benda,7,orang yang mempunyai rasa humor,Orang suka melucu
IRIDIUM,benda,7,"logam putih, keras, getas, dan berkilat, ditemukan oleh Tennant pada tahun 1804; unsur den",Logam putih keras
CENGKEH,benda,7,cengkih,Rempah bunga kering
KETOMBE,benda,7,penyakit kulit kepala yang ditandai dengan rasa gatal dan sisik-sisik putih yang berasal d,Serpihan putih kepala
CAMBANG,benda,7,rambut (bulu) yang tumbuh di pipi; jabang1,Rambut tumbuh di pipi
MUBAZIR,benda,7,orang yang berlaku boros; pemboros,Terbuang sia-sia
GANDENG,aksi,7,berbimbing (tangan),Terangkai berpasangan
LIGAMEN,benda,7,jaringan ikat yang kuat yang mengikat tulang pada persendian,Jaringan pengikat tulang
SURPLUS,benda,7,jumlah yang melebihi hasil biasanya; berkelebihan; sisa,Kelebihan dari kebutuhan
KAROTIS,benda,7,arteri yang menyalurkan darah ke leher dan ke kepala,Pembuluh darah leher
BASTION,benda,7,"bagian (di sudut) benteng, terdiri atas dua sisi dan dua sayap, dirancang untuk memperkuat",Sudut pertahanan benteng
LINDUNG,benda,7,belut,Naungan dari bahaya
MENDOAN,benda,7,"tempe yang dipotong tipis lebar, dicelupkan ke dalam adonan tepung berbumbu, kemudian digo",Tempe goreng tepung basah
BARITON,benda,7,"rentang suara sedang pada pria, antara tenor dan bas",Suara pria sedang
KATETER,benda,7,slang kecil yang dapat dimasukkan ke dalam alat berongga atau saluran,Selang medis berongga
BONANZA,benda,7,sumber keuntungan; sumber kebahagiaan dan kemakmuran,Sumber keuntungan besar
INERSIA,benda,7,kelembaman,Kelembaman suatu benda
JENGKAL,benda,7,ukuran sepanjang rentangan antara ujung ibu jari tangan dan ujung jari lain yang direntang,Ukuran rentang jari
DESKTOP,benda,7,keseluruhan tampilan layar monitor yang terdiri atas ikon yang tertata untuk memudahkan id,Tampilan layar komputer
SEKRING,benda,7,alat untuk mengukur atau mengamankan arus listrik (supaya jangan melampaui batas maksimum,Pengaman arus listrik
KUARTET,benda,7,komposisi musik yang terdiri atas empat instrumen,Kelompok empat pemusik
RONTGEN,benda,7,alat potret yang menggunakan sinar X dapat menembus bagian-bagian dalam tubuh,Pemotretan sinar X
SELULIT,benda,7,"tekstur kulit yang menyerupai kulit jeruk karena adanya timbunan lemak, biasanya muncul di",Lemak bergelambir bawah kulit
PELIPIS,benda,7,bagian kepala di ujung kiri kanan dahi di antara mata dan telinga,Sisi kepala dekat mata
TENGGER,benda,7,tenggeran,Tempat hinggap burung
SAINTIS,benda,7,"ahli ilmu pengetahuan, khususnya ilmu pengetahuan alam",Ahli ilmu pengetahuan
BAKARAN,benda,7,"sajen berupa daging penyu, babi, ayam, atau itik yang masih mentah",Panggangan di atas api
LAMPION,benda,7,"lentera yang terbuat dari kertas (penerangannya dengan lilin), dipakai pada pesta (perayaa",Lentera kertas berhias
ADRENAL,benda,7,kelenjar endokrin di atas ginjal yang menghasilkan hormon,Kelenjar di atas ginjal
SINERGI,benda,7,sinergisme,Kerja sama saling menguatkan
STRUDEL,benda,7,"kue berlapis yang dibuat dari pastri, diisi bermacam-macam buah",Kue pastri isi buah
BRANKAR,benda,7,usungan untuk mengangkat orang sakit (dengan cara membaringkannya),Tandu beroda pasien
TENGKUK,benda,7,kuduk (leher bagian belakang),Leher bagian belakang
SIRLOIN,benda,7,daging sapi has luar atau daging punggung bagian luar yang memiliki lapisan lemak yang men,Daging punggung luar sapi
PAPIRUS,benda,7,"alang-alang air yang tumbuh di Eropa Selatan dan Afrika Utara, digunakan sebagai bahan ker",Kertas kuno bangsa Mesir
DENTANG,benda,7,tiruan bunyi besi dipukul keras-keras,Bunyi logam dipukul
CELETUK,benda,7,ucapan spontan,Ucapan spontan mendadak
PARTISI,benda,7,dinding pemisah; sekat,Sekat pembatas ruang
INTRUSI,benda,7,penerobosan magma ke dalam batuan atau di antara batuan lain; perembesan air laut dan seba,Penyusupan tanpa izin
BUSHIDO,benda,7,jalan ksatria,Etika ksatria samurai Jepang
KORSASE,benda,7,bandana dengan aksentuasi kerut,Hiasan bunga di dada
RUNDING,benda,7,perhitungan; perkiraan,Membahas mencari kesepakatan
JUJITSU,benda,7,olahraga bela diri dari Jepang yang memerlukan pengetahuan tentang anatomi dan penerapan p,Bela diri asal Jepang
SILABUS,benda,7,ikhtisar suatu pelajaran,Garis besar mata pelajaran
MANCUNG,benda,7,seludang kelapa yang telah kering,Hidung tinggi runcing
FIKSASI,benda,7,perasaan terikat atau terpusat pada sesuatu secara berlebihan,Terpaku berlebihan pada sesuatu
BOLPOIN,benda,7,pena yang bermata bulat (tumpul) yang dilengkapi dengan tinta kental dalam tabung; pena bo,Pena bermata bulat
GERAHAM,benda,7,gigi belakang (untuk mengunyah); geraman,Gigi pengunyah belakang
DIVIDEN,benda,7,sejumlah uang yang berasal dari hasil keuntungan yang dibayarkan kepada pemegang saham seb,Bagian laba pemegang saham
ABSENSI,benda,7,ketidakhadiran,Catatan kehadiran seseorang
ANGKARA,benda,7,kebengisan,Kejahatan penuh kebengisan
PANCUNG,aksi,7,bersegi runcing,Hukuman penggal kepala
VENTRAL,benda,7,permukaan bawah atau sisi perut pada organ tubuh hewan,Sisi perut bagian bawah
CENDANA,benda,7,kayu cendana,Kayu harum pengharum
DENTANG,benda,7,tiruan bunyi besi dipukul keras-keras,Bunyi logam dipukul
CELETUK,benda,7,ucapan spontan,Ucapan spontan mendadak
PARTISI,benda,7,dinding pemisah; sekat,Sekat pembatas ruang
INTRUSI,benda,7,penerobosan magma ke dalam batuan atau di antara batuan lain; perembesan air laut dan seba,Penyusupan tanpa izin
BUSHIDO,benda,7,jalan ksatria,Etika ksatria samurai Jepang
KORSASE,benda,7,bandana dengan aksentuasi kerut,Hiasan bunga di dada
RUNDING,benda,7,perhitungan; perkiraan,Membahas mencari kesepakatan
JUJITSU,benda,7,olahraga bela diri dari Jepang yang memerlukan pengetahuan tentang anatomi dan penerapan p,Bela diri asal Jepang
SILABUS,benda,7,ikhtisar suatu pelajaran,Garis besar mata pelajaran
MANCUNG,benda,7,seludang kelapa yang telah kering,Hidung tinggi runcing
FIKSASI,benda,7,perasaan terikat atau terpusat pada sesuatu secara berlebihan,Terpaku berlebihan pada sesuatu
BOLPOIN,benda,7,pena yang bermata bulat (tumpul) yang dilengkapi dengan tinta kental dalam tabung; pena bo,Pena bermata bulat
GERAHAM,benda,7,gigi belakang (untuk mengunyah); geraman,Gigi pengunyah belakang
DIVIDEN,benda,7,sejumlah uang yang berasal dari hasil keuntungan yang dibayarkan kepada pemegang saham seb,Bagian laba pemegang saham
ABSENSI,benda,7,ketidakhadiran,Catatan kehadiran seseorang
ANGKARA,benda,7,kebengisan,Kejahatan penuh kebengisan
PANCUNG,aksi,7,bersegi runcing,Hukuman penggal kepala
VENTRAL,benda,7,permukaan bawah atau sisi perut pada organ tubuh hewan,Sisi perut bagian bawah
CENDANA,benda,7,kayu cendana,Kayu harum pengharum
